var0,var1,var2,var3,var4,var5,var6,var7,var8,var9,target
a,-1.949904603,b,-0.128766261,,-0.397057283,-0.111606386,,b,,1
a,-0.647904323,a,-3.815925475,2.443032825,,-0.403508357,-1.645227011,a,,0
a,,a,-0.964780857,,0.216260791,-0.344433218,-0.723765583,b,,0
b,,b,-1.362002433,0.793390313,,-0.58289296,1.428731245,,,1
b,-0.188582243,c,-3.492177997,-2.208914111,-1.456029416,1.270263908,2.330079148,,1.179830571,1
,-0.312063503,,-0.227351791,,1.771990592,0.45898325,,b,,1
,2.474784332,,,-1.604302712,1.023337636,0.447739518,-1.067345312,,0.631224366,1
,0.233700281,a,-0.521086491,1.165321565,-2.471681124,-0.171140655,,b,,1
a,-1.061735933,a,-2.960842207,1.948796439,0.926094455,-0.607297936,-1.437312873,a,0.703841891,0
a,-1.320291746,,,0.129192591,1.801490232,1.305727682,,a,,0
,-1.250782861,b,-1.160167872,0.960522369,-0.794276187,-1.254466255,,,-0.439421066,1
b,-1.452147952,c,-2.617430079,-0.634102882,,-1.224086289,1.512136031,b,-0.666354956,1
,0.405817087,a,-1.571636372,1.549146374,-0.043913271,0.705647935,-0.926991597,a,-1.722979854,0
a,0.074041831,c,-0.363966913,1.153319959,0.688307026,-1.819761695,,b,2.334968571,0
b,-0.619271981,b,-2.112369827,-0.235575649,-1.290616132,-0.53272613,,b,-1.821722227,1
,1.904743723,,-2.033906428,-0.950357642,-1.004670778,-0.107703609,0.075004418,,-0.176304292,0
a,-1.534931372,,0.251934129,2.211066134,-0.493329979,-1.327420376,0.905136339,,-2.281698223,1
,-0.137827805,b,0.521501601,2.20688088,-1.715310648,0.436397381,,b,0.63453761,1
b,0.680433549,,0.518088688,-1.990770782,2.340512624,0.011910568,-1.980805221,a,0.42612718,0
b,0.773604939,,-0.27291296,-1.794016327,,-1.161462225,-1.436237536,a,-1.067532023,1
b,0.496594729,b,,-1.468568068,2.086796111,0.371976997,-2.148294913,,,1
,-2.948113556,a,0.513317647,3.281544796,0.961357484,-0.371532739,0.809052546,b,,1
,2.250524138,c,,-0.731588371,1.211864398,0.063144869,,,0.407353886,0
,1.84561983,,,-1.714360992,1.545304014,0.293373784,-1.628494794,a,,1
,2.369182065,a,-1.590070194,-0.220517531,-0.212613066,-1.164752887,0.234415447,b,-1.287780606,1
,-0.978478631,a,-1.695639123,1.649348957,-1.144016228,-0.213742096,1.689756018,,,1
,-0.801596573,a,0.04306446,,,0.374642931,-0.981666189,a,,0
b,-1.272801198,,-2.067175099,0.928652039,-0.45182916,0.250826519,2.338741431,b,0.655325029,1
a,-1.256365539,a,0.479771955,0.341043011,,-2.045719044,-0.495589964,a,0.150965765,0
a,-2.140874418,a,0.79535411,0.120378667,2.041208771,0.692521382,-0.693258395,b,-1.615198294,0
a,-3.271520287,c,-0.638890856,1.976100403,,1.066369711,0.153141069,,0.235800299,1
a,-1.808276036,b,-1.271975816,-0.301142767,,-0.566295343,-1.993204192,a,,0
b,2.500704627,c,0.668677563,,3.147076581,0.557412679,,,1.90973169,0
,0.828713631,b,0.949397714,-2.459083051,2.434510522,,-1.289304568,a,-0.382220095,0
b,2.125528534,,-1.18540446,-2.199958706,1.231836361,-0.836592439,-0.527927011,,,0
a,-0.545891986,,-1.59401281,0.520370556,2.35125698,0.37828486,-2.143913956,a,1.112226008,0
a,-4.429854999,b,0.890657543,2.917012068,2.530338623,0.56680632,-0.273844038,b,,1
,1.900760181,a,0.134415703,-0.679110933,-0.270617196,0.995292291,-0.229527315,b,,0
,1.326907963,a,,-1.971905237,-2.98445756,0.156825577,,b,0.712894438,1
,0.998946835,b,,-0.76440749,-3.230796418,0.136468823,3.002655396,b,,1
,-1.208650272,c,-0.576700002,-0.257281387,1.670621722,-0.638523895,-1.686586242,a,-0.345545803,0
,0.733126653,,0.728235543,-1.056590792,0.826754514,,-0.788418837,a,,0
b,1.356142582,a,-0.695516528,-1.630134454,,0.655277878,-1.226463505,a,0.271790522,1
a,,b,0.291364124,-0.096714543,2.692865554,0.015651557,-1.633985761,a,,0
,0.196211853,,,0.593466207,-0.434555451,,-0.677313259,a,,0
b,1.612907601,b,-1.082632215,-0.285417837,,-1.379248508,,b,,1
,0.207308605,,0.163252386,0.425925828,1.034252146,1.147745037,,b,0.342355754,1
b,1.562833046,b,-1.158010464,-1.516361375,0.183844302,-1.361924119,,,,0
a,-0.663864999,a,,-0.974567653,,0.814089478,-2.289820127,a,,1
b,0.931891584,,,-0.116055199,0.95272482,0.568325407,-1.06567459,,0.618500407,1
a,-0.19219296,b,-2.969118434,3.355084047,,0.844434995,-0.755071633,b,-0.681605549,0
b,-1.474368727,b,-0.323150079,-1.518537867,-0.655793008,-1.67609284,,b,-0.902378435,0
a,-3.053908107,,,-1.705564694,-0.090271909,0.701331677,1.915531467,b,,0
b,0.316299137,c,-0.613856293,0.416204023,-1.800959588,0.251138842,1.865769793,b,,1
a,-1.433740402,,,1.816517004,,-1.308002593,-0.221636558,,,0
a,-0.004258566,,0.561540207,0.445932481,-1.717859856,-1.425392313,,,,1
b,1.40350303,b,-1.608918741,0.457954625,-0.162201843,-0.101244727,-1.679074004,a,,0
,0.086817349,b,,-1.847537499,2.133962402,0.813757102,-0.966016163,,,0
,3.826247439,,,-2.39747235,,-0.61643764,,a,,1
a,-2.044896204,,0.530689374,-1.315011894,2.321594996,0.476655937,-1.593032181,a,,0
,1.395330934,,,-1.423645218,2.079150492,-0.389141245,-1.816225317,,-0.554963223,1
b,0.300521506,a,-3.287140036,-1.175376659,-2.286778267,-1.732877228,1.93168913,b,,1
,1.465925903,b,,,3.239360361,0.093617047,-1.733580572,a,-0.903620696,0
,-0.118150184,c,-1.601491222,-0.661586034,-1.864801913,-2.102741915,,a,,1
a,-1.40362733,c,-1.578243176,2.707831826,-0.432737511,0.820200437,0.20268074,b,,0
a,-0.759852196,,2.475359567,-1.281108292,3.412124401,-0.980693116,-3.220237312,,-0.127709406,0
,0.355583908,,-1.655748501,1.251314603,0.608689809,0.387610705,,a,,0
,-1.906835065,,-0.708731304,,-0.14065333,-1.19423999,,b,0.702474308,1
,-4.460473443,c,,,,-0.623211476,-0.123668343,b,-1.250856357,0
,0.781707212,c,0.130742473,-1.858138754,3.658139915,0.111265671,,a,,1
a,-2.98323536,a,-1.194941698,2.838549613,0.866014943,-1.147587168,,b,-0.619627014,1
b,0.500359099,a,-0.805799502,1.234230243,-2.386963199,-0.514818009,1.381179314,b,,1
,0.829397448,a,-1.106924325,-2.112476913,1.193974345,1.725466564,,b,0.343714725,0
b,,c,-0.567795664,-2.30727968,0.068483337,-0.061498397,2.112210569,,,0
a,-3.033471164,c,-3.367723787,2.194221585,1.748563646,-1.711559713,-1.482321061,a,-1.971544488,0
,2.151614281,a,-0.081309329,-1.145255275,1.04507558,-0.715921401,,b,0.407878062,1
b,0.949396131,b,-0.739060094,-0.781062246,0.441585019,1.096842338,-0.270624202,b,,1
a,-0.844584322,,,1.134092489,2.630193642,-0.336542498,-1.48939131,b,0.730295999,0
,0.525431949,,-1.452918885,0.327462737,0.113466892,-0.79036548,,,-0.900810709,1
b,,c,-4.237272766,2.548870299,2.174221169,0.204145571,-2.558851366,a,0.693347226,0
b,,,0.985453483,,1.012607731,-0.284093044,,a,,0
b,0.626668384,a,,-0.972325249,0.390496618,-0.701177342,-1.08801192,a,,0
b,0.432748109,c,0.347049779,-2.995940088,2.792418108,-0.303609108,-0.590806904,b,1.117602815,0
a,-1.056176885,,-1.220445981,0.284780855,0.771296356,0.363293587,-0.673756394,a,,1
a,0.104156901,,1.410288672,-0.30487236,-0.022843816,-1.214842016,-0.481835053,,,0
,-0.092224359,,-1.969599365,2.198727136,1.029936379,0.559582747,,a,-1.352069767,0
,1.372149166,,,-1.851984145,1.022897396,0.063885817,-0.390994288,b,,0
b,1.285015187,b,-1.048155206,-0.216295546,-3.108405255,0.425974692,,b,,1
b,1.594203174,c,1.012025621,-0.770809795,1.462546538,-0.44534985,-2.361969422,a,,0
,-0.903178382,c,0.422142986,,-1.004890171,0.743394401,0.996355838,,,1
a,0.908240819,,,-1.93779618,3.62556563,0.05638629,,,0.040462438,0
b,-0.19887949,,,-0.195708743,-1.733722145,-0.115864846,2.444934727,,0.192608419,1
,3.284079778,c,-2.265528058,-1.722544075,-5.046795371,0.244968918,2.766046367,b,0.475321381,1
b,-0.083363545,b,-2.618178498,,,1.2610063,-2.006089655,a,1.198966706,0
,-1.34382823,a,,0.259581556,-0.398709669,0.277150541,,,0.043550143,1
b,0.27552368,,-3.144427122,-1.347514886,-2.172578996,0.86319958,,b,,1
a,1.674705228,,1.366724411,1.110337113,-1.207052674,0.168592615,-0.981379902,a,-0.356839974,0
a,-2.288868593,a,-1.086018226,2.301200367,,-0.201683364,0.1821569,b,1.254620197,0
a,0.561960776,b,2.659410576,-0.38442787,1.899811306,0.59556467,-3.239557375,,-0.084214334,0
a,-1.028529721,b,-1.604281785,-0.307911807,2.605489481,0.109248011,-2.593805558,,-1.15389016,0
,0.733888646,,-0.117234754,-3.0499761,2.196268651,0.363612204,-0.768926066,b,-0.033278466,0
,0.667891907,c,0.560109968,-1.922051976,1.803584381,-0.589941172,,,0.498700806,0
a,-3.268613268,c,,3.181755317,0.869412226,0.556501854,0.959884788,,-1.599505441,1
b,0.926048102,b,0.388502623,-0.698238677,0.510164322,-0.094444792,-1.391732684,a,,0
a,-1.567262255,,0.020355616,1.612719717,-0.734519508,-0.669417624,-0.032726601,a,,1
a,-0.439314334,b,-0.930852136,0.424634679,-0.106519705,0.252780548,,a,,0
b,2.275777555,a,0.596095504,-1.152936937,2.489997535,1.34095769,,a,1.011889758,0
b,1.24179414,,-0.503819135,-0.410899069,1.140560052,-1.251313456,-0.462234716,b,,1
,-1.12763254,,,-0.010678974,2.00743448,-0.604596804,,,0.198918883,0
,0.694668127,a,-0.397257096,,1.319509559,-1.767934487,-0.888302264,,0.665023437,1
b,0.248181464,b,-1.421999812,-0.87106914,,-0.867409376,-0.726726129,a,-0.156186352,1
,-1.147503422,b,1.688543024,-1.085255428,1.340099312,0.067583267,,a,1.918980706,0
a,0.78770721,b,3.528359208,-0.694432053,1.9034029,-0.05208212,-2.199440116,a,1.369823571,0
a,-1.323268398,a,-1.163816302,2.526281654,0.762649742,0.042838337,-0.291279085,b,-0.543103378,0
,0.127315328,a,,1.814518703,0.609038175,-1.232687009,-1.860189163,,-0.723625128,0
a,-1.527819318,a,-1.295231924,0.884487089,2.058842573,-0.754620697,-1.484736158,,,0
a,-1.200285553,,,-2.516958359,4.589323619,0.123977708,,,,0
b,2.832493707,b,-0.725358105,-1.289384746,0.627949508,1.210090024,-0.686911501,,0.423512537,1
,-1.468769461,b,-0.17428525,2.03790505,-0.02782855,-0.966501108,0.283164908,b,0.310713824,0
a,1.485511376,b,1.707453422,-0.470326578,,0.85232129,-1.42694517,,-0.288163596,0
,2.335758782,,1.16065112,,,-0.732149537,,a,2.12753154,0
,-0.88053385,,0.812923719,1.788629516,-0.866793052,-0.848279221,0.620528919,b,-0.456589092,1
b,1.078200242,b,,0.536228276,,0.692692175,,a,-1.077592872,0
,-2.305419385,,-0.909530604,2.587135107,-0.207226489,-1.08293249,0.775326613,b,,1
b,1.506111925,c,-1.857807438,-0.779777989,0.06747212,0.132590558,-0.70781589,,0.058148727,1
b,1.32489226,c,-0.641467422,-1.807661715,,2.295989922,,a,,1
a,-0.349288151,c,,,1.180711407,-0.543539072,-1.095644372,,1.313195861,0
a,,b,-1.610093036,3.052301455,-0.105712995,-1.52475954,,b,-1.11683061,0
a,-0.911061949,a,,,-1.105352634,-0.89990764,,b,-0.061153452,1
,1.552076313,c,,-0.897231311,0.065985628,0.736029579,,a,0.898503327,1
a,,a,3.823879093,,,,,b,,0
a,-3.259878567,c,0.144079159,3.454957453,1.285173138,0.353872899,,,-0.941869165,1
b,0.085241595,a,-1.334269225,0.096226163,-0.150090208,-0.74559957,,a,-0.158002845,1
,-2.561307021,a,,,-1.294294413,0.555107927,1.5115848,b,-0.915548098,0
,0.574578121,c,-1.673736057,,0.865452624,0.4607003,-1.232573133,,0.250604747,1
,-0.24318132,c,2.272539549,-0.905066826,,0.707958531,-0.417940725,b,-0.156532549,0
a,-1.578789243,b,-0.038240774,2.115203635,-0.648055669,-1.20227184,0.770448585,b,0.802033166,1
,3.961099657,c,1.759010221,-0.607281751,1.320439654,-0.030122444,-2.769139875,,-1.049270676,0
b,2.683045578,b,-3.980330442,-0.814636222,-4.618095206,-0.115168095,3.997156532,,-0.125442954,1
,1.695429411,b,,-1.190031979,3.164423975,-1.384692209,-1.595202336,,,0
a,-3.975438653,b,0.674271862,2.379177591,,1.705251892,,b,-0.320860249,0
b,1.01413685,c,0.374183443,0.648798074,-2.770342069,-1.202366989,,,2.138845468,1
b,1.410738051,,-1.156938843,-1.236994344,0.531087533,0.44283205,,a,-0.121893641,1
b,2.075855397,a,-1.188536763,0.46304002,-3.815434839,-0.322026353,,,,1
a,-2.326245508,b,1.221554914,2.358024168,-0.031191494,-0.206703636,-0.942987217,,,1
a,0.674128592,b,,-0.973994929,2.899329836,-0.115081986,,a,,0
a,0.275578141,a,2.144773415,-0.840326257,0.686852998,0.251139393,,b,-0.701832802,0
b,1.400780826,,-1.621110316,0.632768335,-0.563514253,0.85179009,,,-0.345165009,0
,1.206251476,c,0.128191113,-0.620482557,,0.747744338,0.138826781,,-0.29227534,0
,-0.36205427,c,-2.579918519,,2.300692769,2.162616959,-2.590566275,a,,0
,-1.360325215,b,-0.970560487,,1.218250297,0.248608618,-1.229881833,,-0.079478187,1
,-0.237847418,c,-0.133488955,,0.773565437,0.080824709,-1.006204708,,-2.320114131,1
b,1.754851554,,-2.449143131,-0.621553304,-4.024521506,-0.251821389,2.239064743,b,0.374993366,1
b,2.740567225,b,-1.016354888,,,-1.25507953,-2.543269615,,,1
,0.242045608,b,0.171194409,1.008649945,-1.865504613,0.083486159,1.025100135,b,0.204132407,1
,-0.834656551,b,0.347252291,-0.018776542,2.782571717,0.305428027,,b,,1
a,-0.832705051,,-1.367639443,1.159146094,1.589696815,0.207560821,-1.407795063,,,0
b,-2.017502132,,-2.505625807,-0.117701051,-0.10473225,0.151335193,0.972298089,b,,1
b,,a,-1.199471922,0.159153019,-2.634419868,-0.539554569,1.814794374,b,,1
a,-0.556518884,,0.880141238,-1.968241494,3.756046066,-0.648296566,,a,,1
b,2.079250666,c,0.523632326,0.062107899,,0.24464833,0.822341003,b,,0
b,0.595745871,b,0.32144422,-2.268811306,2.999774804,0.864605402,-1.816986815,a,,0
,-0.512624523,b,1.662074404,-0.453079861,1.935612886,-0.152335593,-0.803037286,b,,0
,1.203566523,a,-1.424473199,-0.788213806,-0.337346043,-2.274062255,-0.474270409,,,1
b,3.781324192,a,-1.520854905,-1.432009109,1.192821451,0.565863569,-0.814834664,b,,1
a,,,0.866810852,-1.062524274,1.647117597,1.073464956,-2.290028378,a,-2.144817249,0
a,-2.60592795,,2.03142648,-0.048708679,0.928388892,0.295628938,0.421930906,,,0
b,1.658150858,,-0.701852726,-1.752913974,0.671409351,-0.971667907,-1.251498984,a,,1
,-0.734666815,,-0.678001164,,0.392390134,-0.142386965,,,-1.857439088,0
a,-3.543638692,b,-3.254173759,,1.692047443,0.108276336,1.311392222,b,,1
b,5.238640382,,-1.440516509,-2.663366518,1.760171303,0.323010725,-1.918836531,b,,0
,-3.11739567,,-1.277083321,1.015456313,1.171743612,0.230966317,,,1.338376421,1
b,1.446478073,b,,-0.65153643,0.542807544,2.482912983,-0.993524204,,0.920349827,0
,0.058988446,,,1.072845239,,-1.479795019,-1.38093271,a,,0
a,-2.2904186,c,,2.245128899,0.807169799,-1.246845823,-0.203118139,,-1.165541371,0
b,-0.841559268,,0.1461575,-2.000668298,,1.348448989,0.220181002,b,,0
,-0.719017373,,-1.399966216,0.661053913,-1.415804076,2.121737004,,,-0.504455655,1
,-2.193771479,,-3.805901731,0.343637692,-0.384894334,1.673492755,1.411291978,,,1
,1.536166624,b,0.261433569,,-0.178021997,0.779534687,,,,1
b,-0.955751161,c,,-1.204577194,-0.412013586,0.182964777,1.588214853,,-0.49504347,0
,-1.79142728,,-0.476019486,1.476442733,,-1.011491814,0.907358417,b,,1
,-0.723377798,a,,-1.517762556,-1.143994947,-1.097667996,3.104138593,b,,1
,0.446403803,b,-4.64034987,-2.172022464,-2.540623041,-0.630191094,2.522218491,b,2.358634777,1
a,-2.194790078,b,1.810935035,3.479960832,-0.015718213,-1.925823257,-0.153984481,b,,1
a,0.677325393,,2.133141872,-0.801317589,1.078058256,1.467883501,-0.598063588,,,0
,,,-0.509995353,-0.989143218,2.695943844,0.144627939,-2.70011299,a,0.413916937,0
b,0.827844256,,-1.308953047,-0.567696912,-1.235961811,-1.521341165,0.165126159,a,-0.259933716,1
,-2.883354197,b,-0.106128315,1.80695106,,-0.032691061,,,0.105255463,0
a,-1.092618417,,-0.434828504,-1.026255478,2.309981816,-0.664772892,,a,,0
a,-3.552614959,,-3.057232932,2.539583403,0.961578729,1.031360801,-0.498183431,,-0.903463899,0
,-0.238990261,a,-1.074736843,-1.425573121,2.263235943,1.512752285,-2.326115769,a,,1
a,-0.998313122,,-0.456066077,-0.788905333,,1.044427964,-1.767615676,a,,1
a,-5.210598265,a,0.368488696,1.941939807,-0.550823112,-0.171324208,1.83527715,,3.110526445,0
b,1.097972194,,-0.103855639,-0.069117206,1.013401366,-0.452282301,,,,0
a,0.344029256,,-0.895759644,,-0.193656294,-0.648436449,-0.485375659,b,,0
,0.51859324,,-0.813872518,-0.973976575,1.664718132,-2.58572055,-1.357273411,a,0.992242134,1
,1.149581744,b,-1.562737019,-0.391687825,0.932836146,-0.634822997,,b,-0.418549688,1
b,-0.146427854,a,,-4.168460042,4.822068257,0.775575163,-1.228329599,b,-0.374029177,0
b,0.495551656,a,,-1.952244064,0.872143171,-2.350779798,,,-0.506230373,0
a,-1.976178888,a,-1.006714422,1.866177073,0.028801494,-0.643295498,1.614337766,,-0.920208052,1
a,-2.540168204,a,0.687143496,1.540854173,1.313424022,0.210779031,0.246851115,b,,0
a,-1.606757828,b,0.607018949,,-0.448963241,0.601185349,,b,-0.738221429,1
b,-0.006727534,b,-0.908354985,-0.870459025,-1.518199876,-0.812805075,1.111609516,b,,1
a,-0.039947375,,-0.183096629,,0.097757227,-0.366723764,,b,0.912355112,0
,-0.940284028,,-1.920623554,-3.880389521,1.733358536,0.221547502,1.443397358,b,-0.5912668,0
b,3.413736449,c,-0.927984004,-2.000901897,-0.489048657,0.178732194,-0.255923847,b,,1
,0.899216562,,,0.075786227,-3.0094839,-2.101604307,1.326647203,b,,1
,2.668120703,a,-1.875517948,-0.895590302,0.051860466,-0.670518133,-0.704597364,a,,1
,-1.637184266,c,1.471561267,1.585420598,-0.08690752,-1.44612549,0.05057764,b,0.74071973,1
a,-1.536324165,,-0.380985699,-0.338901243,,-0.520251026,-1.419368311,a,-0.51629394,1
a,-0.289074699,,0.571991006,-1.911033924,2.73638438,0.219041399,-0.996692574,b,0.852976019,0
b,0.379617104,c,-3.7279363,0.016382676,-2.496526892,-0.063284669,,,,1
,0.110474002,,0.590163335,0.469981047,3.348818533,0.10345676,-0.96952836,b,-0.642925677,1
a,-2.492833809,b,-1.4601218,2.364349145,0.767948952,-0.19859294,,b,,0
,2.208991913,a,-2.120333747,-1.042813653,-0.194125196,-0.096854806,,a,,1
,-1.720371977,a,-1.107513719,,1.405446714,1.316467933,,a,-1.718395657,0
,0.396821985,c,,-1.049237779,0.690797891,-0.832950123,-0.292130374,,,0
,1.169628947,,,-0.841248325,0.298608364,1.471556493,-1.296005071,,,0
b,2.268308901,b,-0.245744283,-1.255717318,0.722700724,-1.099836262,,b,0.336043604,0
a,-0.798956252,b,,,-0.390356761,2.405000917,,b,,1
a,-0.285877072,,1.781767942,-2.008062838,2.381432094,-0.343295563,-0.684834057,b,-1.148729656,0
a,-3.120381124,a,-0.753116391,2.418027549,1.073533811,0.549630923,0.353284132,b,,0
,,,-0.658485872,0.107879755,-1.820920881,1.225469173,,b,0.090584741,1
a,-1.573823575,a,,2.741613102,-0.211626305,1.136515178,-0.174673174,b,-0.426576053,0
b,1.285401222,c,,,1.541267541,1.381075507,-0.744021455,,-0.431640775,1
,-0.881691312,c,,-0.243718866,1.213253247,-0.018355919,-1.800506749,a,-0.041641704,0
a,-1.258611685,a,0.32095157,0.944162566,-0.662212273,1.361118117,0.147753282,,-0.193521979,1
b,1.753650261,b,,0.072482457,-1.217887794,0.202022254,0.418332579,b,,0
,2.107030409,a,-1.13758821,,0.940190448,0.250787301,-0.850534751,,0.241077153,1
,-0.731432958,c,-2.171688569,0.799475145,-1.696788668,-0.341802555,1.121281362,b,0.345890436,1
a,-1.492352706,a,-0.721917266,1.141305669,1.3274806,1.663541736,,b,,0
a,0.257030978,a,0.984527602,-2.903310181,5.160400473,0.050957161,,a,,0
,1.373390271,,-0.965265705,0.488497779,-2.937942427,0.610079152,2.442712821,b,-0.503744436,1
b,2.199575129,b,-0.963095765,-1.682177205,0.891601404,1.095663404,-0.734014146,b,0.671070422,0
a,-3.134839172,a,-1.893969381,1.878959625,0.766446279,-0.450126396,0.745603918,,,1
,,a,-0.578575375,-1.791282928,0.737521781,-1.234106192,-0.850883512,a,-0.937937208,0
a,-0.36978663,,-2.609261873,1.85584002,2.497122278,0.51949609,-2.250838017,a,,0
,,b,-1.134813777,2.165597464,-0.207369789,0.92323193,,b,,0
b,-0.280405167,a,-3.168627574,-0.301400411,,-1.747610871,1.983490456,b,0.282331754,1
,2.216414917,c,-0.950078687,-1.136804446,-0.576435411,1.11779156,,b,0.345507893,1
,3.324711493,,2.72228791,,-0.209389137,-0.745932299,-2.198749596,,,0
a,-2.948554136,,-0.611250114,,1.223558246,-1.623667035,,b,-0.578302253,1
a,-1.306635349,a,-0.56635663,0.624468627,-0.398639277,0.285101078,,b,,1
b,0.57967222,,-1.823257354,0.362184896,-2.458232405,0.675475633,2.247155874,,,1
,0.075425246,b,1.049208648,-0.32818307,,0.144351008,,b,0.246569732,0
,0.792137856,,-0.22485619,-1.456267676,1.42748684,0.648379913,-1.460596304,a,,1
,,c,-0.820440734,-0.653949162,1.19034726,-0.368073551,,,-0.379216261,1
b,2.100449854,a,-0.483689298,-2.123317878,0.931808862,1.717126327,,a,,1
b,0.954312563,,-1.067108532,-0.230524786,0.089659556,-0.635862568,-0.351981648,,0.579505061,1
,-4.081653934,,-0.710217091,2.371800398,0.765831061,0.061896759,0.580121132,b,0.159430086,0
,1.02370177,,2.074661171,0.16256008,1.04222633,1.33599254,,,,0
a,-1.157903621,,-0.910968998,,1.122167936,0.870299653,-1.334543461,a,,0
b,1.650458772,c,-0.069922715,-1.677573337,1.546686803,0.556418715,-0.662839115,b,,0
b,0.882821766,a,-1.090616264,-0.234296582,,1.307627703,-0.896599336,b,,1
,1.111194154,,0.393353762,-0.604256198,0.81492382,0.954227161,,,0.253798686,0
,-1.219104422,a,-1.578533562,1.927184894,,,,,0.63254392,0
a,-1.206580662,a,-0.854132533,,-0.581577283,-1.22227684,1.375223702,,-0.984241443,1
b,0.881502125,,0.222411775,-2.249319697,2.671928129,0.163383649,-3.060072991,,,0
b,0.312932712,b,-1.451329571,,,-0.369045548,-0.909757479,a,,1
a,0.264545714,a,,-1.212556767,4.289009705,-0.436574637,-2.393161358,,0.473884525,1
b,1.468333169,a,,,1.185528403,-0.055290775,-0.782745353,b,,1
a,0.765373792,b,2.582735617,-0.459982091,-0.172675115,-1.697028721,0.603729135,b,,0
a,-0.803541472,,1.480883028,0.516588672,0.720844411,0.224254032,,,-0.365611523,0
b,2.896080531,,-0.424421406,0.064283285,-0.205625292,-1.956474745,-2.509198809,a,,0
a,-3.443722669,,1.177354373,4.661431607,0.841902984,-1.115946137,,b,-0.270260666,1
a,-0.703935466,,2.504920249,-1.938151682,2.385369972,-0.60909184,,b,-1.148072378,0
b,0.649794977,b,0.980857828,-1.70832709,1.343858895,-0.696431681,-0.457885796,b,0.102461704,0
,,,-1.683921187,0.220734679,0.288596616,0.507551623,,,0.303086675,1
,3.863834402,c,0.256957249,,-0.786282418,-0.115513921,,,-0.837227154,0
a,0.359213141,,1.829013342,0.717236339,-0.511567687,-1.305171561,-0.679248614,a,1.258437549,0
a,-0.593063321,a,2.956992982,-0.968666507,2.441818006,0.00619339,-1.933064647,a,-1.472883224,0
b,2.440075727,,-1.001465316,-1.643429235,0.566079755,-0.178401566,-0.825644175,,0.660086406,0
a,-3.739147567,,-2.040326786,1.195727674,2.16121756,-0.503117094,-1.168916665,a,,0
b,0.774670855,b,-1.314059405,-0.365422567,0.05882982,-1.567104104,-1.706559716,a,,0
,-0.173012182,,-0.386359086,-1.952048696,3.574103849,1.464995804,-3.058495201,,-0.158319321,1
,0.728373847,,-1.753696679,-1.15685264,1.242093701,0.272337931,-1.151111092,,,0
,-4.498575494,,,2.475740187,2.609942893,0.686495055,-0.739653931,b,-2.000423807,1
a,1.578829285,c,1.903555727,-1.03825579,2.918389575,1.287384703,,a,0.112151819,0
b,-0.711192364,a,-2.455115229,1.430102385,-1.847006957,0.056021401,1.537046194,b,-0.04202977,1
,-3.17784825,b,-0.401722517,1.389987063,1.256986895,0.739545785,0.260410653,b,,1
a,0.730441406,a,,-0.384522618,0.862068774,0.33818499,-0.114218796,b,0.453832151,1
a,-2.72223692,,-0.543450934,1.990844346,0.534269919,1.921895618,0.572083733,b,,1
b,0.255120782,a,-0.132364973,,-1.837149071,-0.729685383,0.815334394,b,-0.215921733,1
,0.479299455,a,-1.509380848,,1.260760983,-1.368854487,-1.74222992,a,-0.165548895,1
,1.091862293,b,,-2.7924625,2.454560966,-0.737512266,-2.286645658,a,-0.13440634,1
,-1.449880417,c,0.764746724,2.714432032,-0.500702112,1.019995767,0.98303625,b,,1
b,0.923400912,,,-1.009281442,0.437667725,1.633812968,-0.596363073,a,,1
,2.972320098,a,-0.426171607,-2.112874001,0.659753347,0.622956464,-0.851255356,b,1.035092774,1
b,0.380885282,a,-0.977213569,-2.7929364,1.778712872,0.423215357,,b,,0
b,1.885122199,c,-1.272463027,0.195042147,0.137231902,-0.229939623,-1.720763161,a,0.771304273,0
,0.806007238,c,0.875275185,-1.031062447,-0.349921473,-1.204227104,0.240515607,,,0
,0.789598423,a,-0.941317742,-1.483419322,0.165919944,-2.197077142,,a,-0.420168512,1
a,-3.360087154,,-1.015145625,-0.319670107,1.618318691,0.925095935,-0.167039854,a,,1
a,-1.951660107,c,-0.946351934,2.432789178,,-0.293119038,-0.227491853,,,0
a,1.603149946,a,1.980947546,0.891154276,-0.409258253,,,a,,0
b,1.362837744,,-1.019628575,-0.977277469,0.880095394,-0.009335932,-0.757712626,,0.398734126,1
a,-0.989572736,c,-2.25773904,3.204372435,0.000429881,0.197689074,,b,,0
a,-3.916983432,a,-0.937099208,1.081061778,1.920564403,-1.547919307,,b,0.08739323,1
,0.46054101,,,-2.11770549,0.384599836,-0.784849006,,b,,0
a,-1.146579303,a,-1.396885235,,0.895508487,1.073968351,,a,-0.057985933,0
a,-0.581550235,c,,2.204136441,-0.523316402,0.366812215,,,0.191210068,0
,0.121359862,,1.825674676,-1.096429061,1.309985321,-1.594006325,-1.08195592,,,0
b,-0.011143458,c,,0.972478658,1.949792197,0.018258952,,a,1.070170616,0
b,,a,-2.778806415,1.791630116,0.144059945,0.455444451,,a,-0.70918187,0
,0.182895275,,-1.621956348,-1.145066612,-1.640848643,-0.693639865,1.875560546,b,0.334515031,1
,-3.903190969,b,,1.957693317,1.120983869,0.378432684,,b,-0.515871894,0
b,5.822063427,c,1.271200795,0.564421776,-0.511669026,1.283039362,-3.470016527,a,,0
,-2.73333482,c,,2.442706001,0.58594231,-0.648911406,0.762288454,,-0.870169351,1
,,b,-0.190095294,1.415185865,,-0.116397867,0.418154715,b,-1.112480617,1
a,0.506455229,c,0.143428339,-0.98930791,2.618924824,0.147405828,-1.801616652,a,2.053880084,1
,3.751145051,c,0.614444252,-1.826513095,2.814190976,0.245466529,-3.171162141,a,1.230014235,0
a,,b,1.691926241,1.288318695,0.663172076,2.200190674,,a,,1
b,0.019769642,,-0.930025977,0.260411205,-0.25389099,-0.676974222,,,,0
,-0.343057894,,,0.743548784,0.953831521,0.89689017,-2.415149803,,,0
,0.933796004,,-0.477935226,-0.89746326,,-0.783792968,-0.877838044,a,,1
b,,c,-1.733820565,-0.054281955,1.038509667,1.504745446,-0.66112157,b,0.725604187,1
a,3.245577575,c,5.619764824,0.116057472,4.088366467,-0.138315299,-6.265771973,a,,0
,3.254775913,b,-1.954406488,,-0.62572662,1.146739902,,,-0.560967416,1
b,2.498269352,b,1.140358517,-0.399718628,,-0.249223547,-2.78013955,a,-1.369062335,0
a,-1.915641032,,1.272087381,3.200835706,-0.36846802,0.773396067,,,,1
b,-0.106979105,,-3.568037229,-0.553039906,2.025683193,1.499999085,-3.486091463,a,,0
,-2.872691772,,-0.021864942,1.359839079,-0.032986031,0.228269074,0.598903734,,,0
,0.557642351,a,-2.859128015,-0.552082421,1.527788929,0.240882115,-3.123255177,a,,0
a,-0.056477022,,-0.251543585,0.394563608,0.158434389,-0.844787162,,a,,0
,-1.606104438,a,-2.45942017,1.870502552,-0.722555542,-0.210890376,2.199543061,b,,1
b,1.098590359,,-3.523750921,,,-0.466118876,,b,2.159723388,1
b,,c,-1.970183988,-1.814596049,-0.078387183,-1.163381421,,,,1
b,1.679812303,c,0.095974472,-0.771540729,-0.44083149,-0.931017537,,,0.893790332,0
,-2.940779841,a,-0.811625237,1.759913529,0.680756497,0.269932684,0.277796803,b,,1
,-1.024593225,,0.67705884,-2.841215377,2.051116671,-1.227098042,-0.401067656,,-0.716089502,0
,-0.853647328,,-2.07527533,-0.356857995,-0.843297395,0.708797467,,b,-0.262090427,1
,,,-0.294430547,0.539884298,-0.538601304,0.123708596,-0.247951979,,,0
a,,a,-2.62771819,1.89976546,1.226748603,-1.037949185,,a,,0
a,-1.140556096,b,,2.509820634,0.905909367,0.247798043,-1.005753554,,,0
a,-1.003761179,b,,-1.336825791,3.452022004,-0.664324601,-2.339432337,a,-2.029102109,1
,1.679164796,c,-1.425914773,-2.537315477,1.660201576,-0.452354946,-0.876617214,a,-1.695195019,0
a,-0.228435973,a,-0.350054837,-0.400925112,1.582202986,1.166801597,-1.754708816,a,,0
b,2.107629979,,-2.024060982,-1.222085308,0.370522755,-1.336846646,,,0.953332765,0
b,1.727025333,,1.145909461,-0.42955318,-0.261423262,0.430282497,-0.102141894,,0.311696909,0
a,-1.898041903,b,,2.57934205,-0.356275117,-0.501372044,,b,0.473342174,1
,-4.235768665,a,,1.303935891,1.888979362,-0.840750803,,,0.890278412,0
,-3.203744493,c,-0.556095727,2.018604738,1.248774872,-0.666590857,,b,,1
,-1.39060121,c,-0.380413206,0.523689042,1.08168298,1.542018974,-0.423320573,b,1.466415897,1
b,0.509813628,,-1.927695917,-1.967343726,1.501509528,-0.238311566,-2.372249643,a,,1
,0.248868936,b,0.817360893,0.06166805,-1.91668484,1.173669732,0.522343568,a,-2.610907456,1
,0.413766819,,-0.572780633,-1.085637416,1.011487176,0.884154133,-1.295644259,a,0.439149113,1
b,2.964984721,,-1.3802021,-1.492627967,-0.334390171,1.773069947,0.020029446,b,1.23103,1
,2.082693836,,,-0.178679002,,0.79547051,-0.029611915,b,,0
,1.866543419,,-0.804904358,-0.938773325,2.26356258,-0.552056387,-1.631523527,b,,1
b,2.081976308,c,-1.435899654,-1.258688968,1.057422243,-0.441312419,-0.866268049,,0.422395964,1
,1.087333327,c,-1.962417462,-3.303638254,2.133167046,-0.92204826,-0.782658121,,0.535217594,0
b,1.273533038,a,-2.450265956,-1.162685441,,-2.495834536,-0.572272738,a,-0.326954332,1
a,-1.043638455,a,-0.890732684,0.820186141,1.965323393,,,,,0
,1.864005833,a,-2.475462354,,,-0.664612669,2.574448717,b,0.235065568,1
,0.063606141,,,-1.206378162,2.287501025,1.370021306,-2.339530232,a,2.062044807,0
b,1.133457021,,-1.924298579,-0.374948179,-1.278219392,-1.523660727,0.322338866,,-0.214177614,1
,-1.456565763,,0.048670901,3.524905338,-0.824663377,0.663597408,1.2553285,,,1
b,0.649690067,,-1.82347106,,-2.582990505,0.409797457,1.665520732,b,-0.392904722,1
b,0.755779907,a,0.884179795,-0.041967985,-1.383755344,-0.239144017,,,,0
b,,,,1.885171753,-0.994821668,-2.173938974,3.434836499,b,,1
,-1.069259683,a,-2.948623832,-0.458843615,2.401044054,-2.623736733,,a,-0.021432726,0
,0.960909448,,-2.646840054,-0.605803476,-2.951251499,1.099797622,2.384226177,,,1
a,,,-2.107430943,1.948995256,-1.348866858,-0.806139872,1.328571145,,-0.807269441,1
b,0.470568582,,-1.001126314,0.903118598,-2.653529957,0.177673652,1.394052459,b,,1
a,-0.731564126,a,-0.051985004,,-0.934712241,0.782400342,0.231625831,b,,0
b,0.205620003,,,-0.486898532,-0.041103065,-0.127400816,-0.380113628,a,,0
,-0.455515462,,-0.35134684,0.712892547,-1.394791261,0.699065553,,b,-0.230862662,1
,-0.896958859,c,-0.114390214,-0.757018301,3.13091792,-1.925700885,-2.137905927,a,0.29959051,1
b,1.468036717,c,-1.282108029,-2.002792803,1.735588597,-0.388729303,-1.939341436,a,,1
a,-2.310938386,,-0.004386184,-0.399012906,2.986543556,0.707786964,-1.670122877,,1.642195787,0
a,-3.300468863,b,,3.318717625,1.180740208,0.31132367,0.646519938,b,0.535136573,1
,3.204304062,,-1.781020074,-2.411029911,0.809463858,-0.589342266,-1.565372529,a,,1
,-0.921355354,b,-1.997854169,1.919086629,0.992993757,0.070783838,-1.059959372,a,,0
,1.338877683,c,1.648435103,-2.322823804,1.637638655,0.869122047,,b,,0
,3.374937942,c,,2.385308869,,1.461911832,-6.074293402,a,,0
a,-0.285322933,,-0.376496508,0.131707189,1.76586715,-0.979286622,-0.862020187,b,0.805100158,1
,-0.943837093,,,-0.553254092,2.943950227,-0.377117254,,a,,1
,0.401512207,c,-2.296207133,,2.048124485,-0.24455408,,,-0.43419139,1
,0.171123193,,1.330374796,-1.239834989,1.445518873,1.220840417,,,,0
b,1.301957389,a,-0.91616711,-0.410328016,-1.429436608,0.566398718,-0.214891341,a,,0
a,-2.494311104,c,-0.882277891,,0.492290188,-0.773978503,-0.00817543,b,-0.563568829,0
,-3.202469371,b,0.939205893,1.276409254,,-0.143389286,0.429893486,,,0
a,-0.041824186,,0.390772969,-1.731076951,2.737667272,1.434257281,-2.221594985,,0.112388661,1
b,0.709974526,,-2.324622075,-0.346941579,-1.008400618,1.067858215,0.175066491,a,,1
a,1.590061066,,4.223905911,1.500108776,-1.183776496,1.453616451,-1.253575483,a,,0
a,-0.731449634,c,-0.437264406,1.160447289,0.57753741,1.116949896,,a,0.392876043,0
b,0.408213618,b,-0.47333149,,2.269728895,0.119251289,-1.883177781,,-0.047503492,1
,2.060436886,,-1.626566192,-1.419289231,0.108097909,-1.068802412,-0.756089137,a,-0.675665572,1
a,-0.786086463,,-1.274868627,1.819407996,-1.356696873,2.108572176,1.564523804,b,,1
a,-3.636776695,a,-2.769439992,-0.145732334,1.501223553,0.838519892,0.865556104,b,1.83652664,1
,1.2771478,b,-0.114302031,-2.297040005,,,,a,,0
,-0.194349261,b,-1.435188272,-0.08480554,2.406110026,0.808142039,,a,,1
,2.777122759,a,-1.007628775,-1.401908231,-0.717772902,,,,,1
a,-2.266441211,a,0.453126807,1.390257968,1.61396143,-1.208810498,-0.158710186,b,-0.038106853,0
,-1.660578009,,-0.94252163,2.146321001,-0.672534904,0.93859298,1.351005845,,,1
b,1.948215087,,-1.43764485,-1.927388085,1.470185372,0.255944922,-2.09721561,a,0.206458347,1
a,-4.01549578,b,-1.764965659,,1.990489211,1.043871072,,b,,1
,1.306073075,a,,,1.42531896,1.25351604,,b,-0.372577944,0
a,-2.018707955,,-0.260322311,-1.097093907,,1.166015002,-1.938112564,,0.419125764,0
b,2.277516794,,-1.11335202,0.27521514,-0.686477792,,-1.896582285,a,0.766803761,0
,0.172042912,,-1.04510945,1.850206794,0.66109007,0.091595169,-0.845138373,b,-0.745458101,0
,2.002584751,c,-0.58033906,-1.344622956,1.372112368,-1.9551976,-1.267047454,a,,1
a,2.514057788,,1.80984164,-0.381775951,,-0.403896506,,a,-1.496149001,0
b,1.34290606,a,-3.38068031,0.748884838,-3.599451803,-0.602234024,3.242192041,,,1
b,,b,-3.63446159,1.201929234,1.068350672,-0.728012559,-2.39344266,,0.70962821,0
,-0.232865913,c,0.52786615,0.328585947,-1.304389946,1.275473229,0.627374619,b,-0.520504618,1
,-2.560217145,,-0.649434364,,2.16490101,-1.367523136,,a,0.986365197,0
,0.809638806,c,1.219796258,-0.517999933,,-0.528123375,-0.275046679,a,-0.107336908,0
a,0.583446284,b,1.436676402,-1.095543561,0.637007104,0.170672427,,b,1.43130737,0
,0.078704613,,-0.008530338,0.01793693,-1.998304499,0.872992017,0.557949699,a,,1
,-0.222964027,a,-0.989712213,-1.482949247,1.927276431,1.960384013,-1.959072329,a,,1
a,-1.451488088,b,-0.702828824,2.196228004,-1.0686758,1.198322117,0.982572074,b,0.614292317,1
,0.635695253,c,-0.040926625,-1.098056624,1.889936732,0.44746548,-1.336725077,a,0.265063205,1
,-0.61138049,b,-1.380409686,0.45247294,,-0.261477492,,a,,1
,-0.894453531,,-0.441144317,1.688040879,-1.331621743,0.916346628,,b,,1
a,-0.177960907,c,1.002707961,-0.648741032,0.98126161,-1.115446425,,a,0.360288961,0
,-1.027189768,c,-1.934611974,1.65697131,-1.036801958,0.693022049,2.016525358,b,,1
,-0.485309151,,-0.674464531,-0.767561626,,0.539792627,-0.958414266,a,-1.51038854,1
,-0.879303603,,,-1.377542887,2.518444852,-0.535184005,,,0.171804459,0
a,0.026354589,a,1.39979461,-1.28727265,1.655353284,0.595404981,-1.486063217,a,-0.669922316,0
,1.90599682,c,-2.778417853,-0.442164666,-0.17578825,0.113059891,-0.565259756,a,,1
,-0.17747758,,-0.996200047,1.11226513,,1.677183924,-1.25076673,,-0.547106532,0
,-0.242992641,a,-2.626907525,0.108252828,-1.638381773,0.839577644,,b,-0.180386079,1
,0.652173364,b,-1.535866002,,,0.938974383,,,0.384541749,1
,1.975885259,c,-1.310152935,-1.167939668,-0.523807868,0.605882161,0.039777224,b,-0.419184074,1
,0.837671299,b,-1.344948484,,,0.759871371,-1.039328462,,-0.275789193,1
b,-0.003431634,,-1.078310806,-0.661582065,-1.708155247,0.185749917,1.118548235,,,1
a,-1.795182536,,-1.066345879,1.73575601,1.10899725,-0.414162105,,,,0
,-0.297938114,b,3.63493341,0.832726385,-0.429699686,0.309502854,-0.53187779,b,,0
a,2.801882875,c,1.787970112,0.072081728,,0.198102734,,,0.212076684,0
b,1.305865789,,1.679051466,-2.082116317,2.00686286,0.095000291,-1.140889559,b,,0
b,1.715668927,,,-0.561357402,-0.180308335,,-0.139589644,b,-0.595978771,1
,,b,-1.710328971,0.726152497,,-1.753043125,0.758130479,,,1
,1.741333731,,-1.31588419,-0.672340281,0.638680676,0.551413961,-0.599066221,b,-1.312264177,1
a,-0.632586342,a,-1.495804204,0.39851116,3.000114689,-0.536916859,,a,-0.477824302,0
,1.671007297,a,-0.464038173,0.202189108,0.184289829,-1.331301792,-2.185333126,a,,0
,-1.052137618,,2.369992877,-1.023587637,0.217657895,0.03745939,0.395628997,b,,0
,-0.639569738,b,-0.489063108,-0.120705251,1.274541544,0.096767377,-1.38500811,a,0.744367584,0
,-1.381741642,c,-2.172160514,0.522168043,-0.448007711,-0.668906937,1.79939853,,,1
b,0.096026391,c,-0.16883266,-2.481874868,2.631555002,-1.644106861,,a,,0
,-3.141561816,,-3.683444828,-0.167774468,0.869817325,1.329837176,,b,-1.502589685,1
,3.000916293,,,-2.793738134,0.535995061,-0.455890858,-1.215614289,a,-0.036614586,1
,2.383782603,a,-0.230142222,-1.789417305,,-0.479451327,-1.026242896,b,,1
,2.076667313,,,-1.41601853,-3.676330273,1.266985742,3.055584801,b,-0.774647517,1
b,1.007880739,c,-2.887363218,2.368143721,0.586983015,-1.574984445,-1.618588649,a,,0
,-1.308434608,b,-0.290965309,-1.882512966,,-1.124228096,-0.175850262,a,-0.50295531,0
,-2.632337568,a,,3.084047658,-1.036568952,0.977767885,1.158858802,b,,0
b,-1.012208481,b,-0.991885844,-3.47350917,,-2.58392852,0.951482117,,1.844028579,0
b,2.492220148,,-1.330647269,-2.48064117,1.635995076,-0.295674259,-1.15171122,,,0
,-0.702618527,,-1.169243479,2.443089299,-0.405044712,-0.485835189,0.010880297,b,-0.323175038,0
,-4.287302574,b,-2.494308243,,0.489652262,0.707935974,0.456199224,b,-0.066210263,0
a,-0.881655505,c,-1.973771928,2.045068383,0.584252922,-0.057106433,-0.8050651,a,-0.939783153,0
,0.096411649,c,-1.250402392,-0.980066749,0.263629042,-1.114835315,-0.699658455,a,,1
,-1.287575926,a,-0.173932187,,1.177170504,1.150030301,-0.663589202,b,0.877446463,0
a,0.364357983,c,-0.269486034,-0.608867392,3.637450564,1.320353563,,b,,1
,-2.043638343,,0.325888701,0.954928092,1.038677676,-0.078740873,,b,-1.332127097,0
b,3.517702336,a,-1.686428592,-2.678899191,1.481445801,1.337150446,,a,0.946402265,1
,2.173711079,,2.631685685,-0.564522304,2.153204525,0.730848249,,a,,0
,-2.00826856,c,-1.546970821,1.666208807,2.424935443,0.855063228,-1.364485939,,-0.666367682,0
,2.035075668,c,2.198486206,-1.350843084,1.830183632,1.413267426,-1.693475895,,,0
b,0.75763617,b,,-1.508696292,1.285249498,1.174237982,,b,,0
,-2.123187986,,-2.255714501,1.192666478,1.940384925,0.735098944,-1.612827159,a,0.217237479,0
,-0.807738779,c,0.369025096,1.447162265,0.217853851,-0.153149641,0.126718634,b,-2.059496966,0
b,-0.178758526,,,-0.489131138,1.583474246,-0.908255186,-1.533741044,a,-0.295349712,1
b,1.067392054,c,0.158263679,,2.862980487,1.615008434,-1.822322795,b,-0.012728261,1
,3.047718387,,-1.906126102,-2.0353978,-0.12927643,0.979596224,-1.030140486,,,1
,2.282207056,c,0.902344268,-0.549171837,0.861937219,0.948466202,-1.919978147,a,-0.264749102,0
b,3.010990225,c,-0.485349571,-3.142588372,1.734334383,-0.231627457,-2.157657491,a,0.877225103,1
,-2.720839898,,-2.917300822,,0.768457776,0.615692358,1.665796909,,,1
,3.167121978,,-1.49660561,-1.933605175,-0.690199438,1.051324307,,a,-2.584251455,1
b,1.451318386,c,,,0.356854547,0.114768833,,,-1.711905048,1
a,-2.052828706,,-3.966726015,1.769472142,,-0.830136896,,a,,0
,-3.536913693,,,1.382340174,1.782407992,0.257458344,0.568058623,b,0.535879725,1
,2.244296182,a,0.624561246,0.150448025,0.004973182,-0.455703152,-3.092480141,a,0.683918347,0
,-2.67826067,a,-0.629322874,2.041862341,0.419687736,-0.408767463,0.320965138,b,-0.824963377,0
,-0.443608238,,-0.141582361,-0.456487069,1.727239673,-0.613033423,,a,,1
,0.761961907,,2.497939297,-0.382010366,0.47960022,-0.859749852,,,,0
,2.52090615,,0.982507573,-0.380590642,0.817637657,1.178118944,-1.830008034,,1.09591761,0
a,-3.108794825,c,-1.647992011,1.929906581,0.646735184,-1.580206276,-0.117846114,a,2.401728946,0
a,-1.879559274,a,-1.653431174,1.803380092,1.305417825,-0.211267576,,,0.067950649,0
a,-1.934186985,a,0.70437388,2.901594819,0.000877165,-2.111866715,0.952302958,,1.248178055,1
a,-2.888379537,b,-0.934690253,0.266965127,0.998052097,0.84327757,,a,,1
,-0.140219355,,-0.796349487,1.423151889,-2.210377547,,1.320900094,,,1
a,-4.308953613,a,-1.446952049,3.222054687,1.117391012,0.146396728,,b,-0.145498035,0
b,1.784746543,,-1.558863258,-0.885863396,-0.456932892,-0.473677796,-0.397028758,,,0
,-1.947042981,,-1.778173869,2.076655646,0.473257952,1.448373931,,a,0.111424546,0
a,-1.427597212,,0.558182525,-0.639670826,0.437774787,-0.23163426,-0.593194522,a,,0
a,-0.858680847,,0.207464192,1.718586983,-0.910798357,2.07275516,1.397542732,b,,1
,0.673069054,,,,2.197453166,-0.235510086,0.358321378,b,0.329220943,0
b,2.401349362,b,-1.786510771,-1.010861736,-0.376025609,1.033069105,-0.34012847,b,,1
b,0.053223346,b,-0.172442788,-0.603058814,,0.181915766,-0.138313658,a,0.049100159,1
a,,,-0.973597777,1.139092444,,-1.250904282,-0.621569274,a,-0.897101835,0
b,0.326733524,,-0.318050957,-3.440320381,2.683603272,0.503964932,-0.151828361,b,,0
,-0.539470311,,0.488765669,-1.35135119,3.127481314,1.321391865,-2.456561186,a,,1
,,,,-0.655652056,-0.790491983,0.033337127,0.333214406,b,0.678533116,1
,-2.237584376,b,-1.392583377,1.229848168,0.100927476,-0.96679546,,,1.091147464,1
,-1.557774119,,-2.451745784,1.896563277,1.067165116,-0.724908292,-1.136491128,a,-0.454360643,0
,1.158942683,c,,0.497699329,-2.921902489,0.944695357,2.407201395,b,,1
a,-0.622564827,,2.558759431,-1.782090784,3.261387032,0.258457519,-2.708269504,,,0
b,1.61207559,,-1.083874163,-1.714775021,-0.002923178,-1.806835124,-0.853807785,a,,1
,1.43993835,a,,-0.531002424,0.014838192,-0.546565093,0.239793883,,1.983511551,1
,-0.953509604,b,-1.511478111,,1.152671324,0.190656636,-0.991532587,a,,0
b,,b,-2.62630752,-1.465280269,-3.436493901,-0.173733106,1.781233919,a,,1
b,2.923654759,b,-1.410046864,-2.641440635,-1.2707804,0.670353064,,a,1.197542678,1
a,-0.322592043,,2.322645887,-1.367606524,1.396853043,0.779471817,-0.282055611,b,,0
b,2.824989264,b,1.068417682,-2.112482735,3.419630904,-0.19681831,,a,0.794953368,0
a,-1.63821265,b,-0.520819505,0.506076769,2.071762621,0.32577184,,,-1.921159582,0
,-0.501188441,,1.97182703,-1.726991641,2.730722379,0.223816786,,a,0.823426613,0
b,1.420207938,a,-1.702251123,-0.877741278,0.243666036,-0.758945829,-0.471536424,a,-0.798889363,1
,1.70206929,c,2.717023833,-0.299465664,1.453414021,-0.248237673,,,-0.86874531,0
,0.446859751,b,,0.455926656,2.464833726,1.669808815,-2.684259603,a,0.347034828,0
b,2.471790282,,,-0.934403582,1.973956206,-0.591147931,-3.043601621,a,0.63813978,0
b,0.573748338,b,0.071635539,-3.015762603,3.878835269,0.267861587,,a,-0.126605978,0
a,-2.311753768,,-1.596430612,1.422299839,1.501191096,1.197699607,-0.990428021,a,0.686751174,0
a,-0.393266696,,,-0.801930402,2.714410932,-0.047868485,-2.361897396,a,-0.055003844,0
,1.687096698,a,-2.081509519,-0.839446279,-1.005215645,0.202172163,,a,-0.725781108,1
,-0.856549627,a,-0.785406205,3.25323625,-1.497694371,-0.15340204,1.764162952,,,1
,3.387628645,a,-0.165771195,,1.200614512,-0.429519921,-3.282628884,,1.627650097,0
,3.186682414,c,-1.427045721,-0.931170384,0.516248444,-1.345979063,-0.406528366,,1.09159194,1
b,1.862987255,,-1.954341768,0.07983492,2.071881521,0.089441009,-3.095019385,a,,0
a,,,2.031272281,-1.757703205,2.292681718,-0.285676059,-1.142177095,b,-1.311084178,0
,-4.53916785,b,2.180406785,2.59469097,2.613698957,1.717811537,-1.723816159,,,1
,-0.619047936,,0.388995463,-0.452325519,-0.920867646,0.902183375,,,,0
,0.828140886,b,,-1.681041198,0.676842775,-0.20704219,0.019125078,,,0
b,0.687957532,a,-1.010585035,-1.141641876,1.418160135,-0.048330017,,,1.372233971,1
b,,b,-1.031146064,-1.793775248,1.445244785,-0.172466761,,a,,1
b,0.686395479,b,-1.670244196,-0.814024841,-0.435248669,0.0547865,,a,0.454094018,1
,0.349625331,b,,1.830266741,,0.082878791,-1.275987935,,,0
,0.381233143,,-0.65033526,1.28531869,-2.567169538,-0.528473218,1.354095905,,,1
,1.137049406,b,,-1.862864131,2.153691071,-0.603706045,,,,0
a,-1.28699425,b,1.062641376,-1.79450911,2.133982163,-1.114298974,-0.40454274,b,,0
b,-0.222729486,,-4.277213503,0.554531108,-2.013122588,-1.049884895,3.599665781,b,-0.876134882,1
,0.610277795,c,0.859405673,1.445337124,-1.451029535,1.836186865,0.614113727,,,0
b,0.390605262,,-2.85322766,2.586735317,,0.734589791,-1.253166603,a,0.91819411,0
,-0.866591812,,-1.635962604,0.503078422,2.286162594,-1.726623445,,a,-1.715562449,0
b,0.815719066,a,-0.805138327,-1.536480134,2.038925584,,,a,-1.305555714,1
b,2.314040681,b,-0.433778563,-1.297881067,-0.317622792,-1.111043202,,a,,0
a,1.702395636,a,1.094137683,0.301169778,,0.499443367,-2.070745456,,-0.788997658,0
a,0.491212516,,2.642409259,-1.345770544,2.291037809,0.430503284,-1.362117602,,0.969984449,0
,-0.543890592,b,-2.482150538,1.05986237,-1.566247601,-0.027836049,,b,0.626657044,1
b,0.717558046,c,-1.833677685,-0.88742002,0.061892705,-0.404708427,,a,,1
b,1.402169219,b,,1.094113647,0.203197969,-1.424660399,,,,0
a,-2.535221205,b,1.330198813,3.295814022,0.700294835,-0.157621547,0.803518312,b,,1
a,-0.970457145,c,,,0.714062561,0.092594859,-1.004272442,a,,0
,-0.484615289,,1.164527612,0.302226215,-0.913872858,0.353828837,0.635221302,b,0.918084741,1
a,1.647589703,a,2.395617731,-0.092589681,0.606517311,0.501345095,,a,-0.977065589,0
,-0.396233934,,-2.900792972,0.732663857,-1.973771101,-0.269133419,,,-0.498866045,1
b,0.259844656,,-1.256659471,0.235504216,-0.235799912,-0.19435218,0.179970964,,-0.837970735,1
a,-2.90846652,,-1.670743664,2.991050685,0.143573036,-0.774571222,1.004034775,,-2.127778729,1
a,-0.694117109,,-1.173837356,1.309351202,-1.282738354,-0.847773786,,,-1.175020163,1
,1.815810034,,,-2.124948828,2.562824598,-0.274271499,-2.037310009,,,1
a,0.366740296,c,0.974914915,-0.094886788,1.542255564,-0.778218785,-1.260596556,b,-0.647542227,0
a,0.902867939,,1.523301815,-1.51336678,2.793916703,-1.344392732,-2.486463658,a,,0
,2.7891758,c,-1.221597805,-0.824490189,-1.250718124,0.511679521,0.197787018,b,,1
b,1.93144699,,0.76027757,-1.63632687,2.276264701,-0.623811964,-2.83426517,a,1.456768526,0
a,-0.984035632,c,0.458717418,0.282874876,0.913923208,1.001525326,-0.39698276,b,1.158507252,1
b,0.994649999,,-0.641363808,,-0.023292746,0.142881513,-0.144396309,,-1.3173074,1
,-0.183714673,,-2.061089522,0.131947156,,-2.028485602,1.756611955,b,1.448973342,1
,1.80284679,b,-1.455208385,-0.393488781,-0.623428505,-0.319982912,0.311257715,,,1
,-0.632354034,,-0.979165649,1.768666573,-1.678161946,1.450917392,1.491333951,b,,1
,0.472515989,a,-0.903978816,-3.872124594,,-0.099069034,,b,0.757690684,0
a,-1.137316498,c,-0.153101301,,-0.357961128,0.096825494,0.12326229,b,,0
a,-3.377429504,b,0.444309967,,0.095147511,0.095440019,1.198344417,b,,0
b,1.914899938,a,-1.17443946,-1.996977343,2.138691676,-0.675719456,-1.9415127,a,,1
b,0.318139279,b,-0.152533753,,1.864968177,0.306389503,-1.238347809,a,,1
b,,,-1.580257861,1.296794668,-2.378267749,-0.710430235,1.693794906,,,1
,-2.386208413,,0.304124529,1.73585568,-0.23983083,-0.653118963,,b,0.050677418,0
,0.475062923,c,-1.549731164,0.66747791,0.769979139,-0.789123277,-1.660171517,,0.076378979,0
a,-0.898956185,,2.482519998,-2.550920315,3.691215239,-1.4524923,,a,0.2166566,0
,0.608010301,b,,-0.938581312,0.152915979,0.453098492,-0.846990841,,,1
,-0.182981377,,-2.550689704,1.588787692,1.708789663,0.363993418,-1.915027455,a,0.69165765,0
a,-0.935255764,b,3.906403826,-0.303540937,0.307613753,-1.110227854,0.927609924,b,-1.226551029,0
,1.859565947,,,,1.097391569,-0.036917951,,b,0.188061028,1
b,1.476481453,,1.370121474,-1.995523601,1.874710238,-0.467729971,,b,0.206494323,0
,2.188188797,b,0.828279999,-0.494754514,1.832696901,-0.000159408,-3.988487097,,1.382323627,0
b,-0.392986395,c,-2.732977193,0.845432802,2.064373851,-0.384068185,,,,0
b,1.774202889,a,,0.272949154,-3.803227733,-0.340107626,3.205779725,b,,1
a,-2.322532922,,,3.096564181,-0.135594871,-0.501800881,0.214410235,b,,1
,-1.551183391,c,-0.250374189,-1.372300771,-0.094388044,-0.844854668,1.77655939,,1.704417895,0
,-1.348136115,b,-0.346461961,,,0.448220627,-0.408940831,b,0.245278764,0
,1.874563673,,-1.758016098,-1.325055154,0.510412388,-0.481690421,-1.229113842,a,,1
,,c,1.073653492,-1.002510905,2.71737392,-1.149186057,,a,0.54911415,0
a,-2.082422608,b,-0.145692419,2.818208634,-0.169903911,-0.453183135,0.630078182,b,-1.194948097,1
b,,c,,-2.124338055,0.900103492,0.584984356,-1.382787402,,,1
,0.280390238,,-0.449961192,-0.513263297,2.004210634,-0.254044319,-1.311866414,,0.594557632,1
b,-0.483622172,b,,-2.111232791,,-0.527636558,-0.144202487,b,,0
b,2.647895414,,-1.690523857,-1.68090758,0.353322929,-0.405446694,-1.03086626,a,-0.171922564,1
,-0.535358836,a,1.916387397,-0.413875857,0.978190213,0.246939226,-1.120765641,,-1.183695662,0
b,-0.220929015,a,-0.084704502,,-1.382453216,-0.710264751,,,,1
,-0.877117348,,,-1.233102945,0.502835007,0.61115315,0.627693931,b,,0
a,-1.730729865,c,-0.937765941,3.224629114,-0.736672998,0.947647829,0.973863503,b,,0
b,0.781917153,c,-1.643366671,-0.809002014,-0.763564843,1.080921012,-0.108633974,a,-0.365809691,0
b,0.819262807,b,,-1.378469381,0.123200905,1.43048517,0.180851674,,,0
a,-4.055925353,,,1.9139914,1.532849462,-1.167682105,0.20300161,,-0.215685253,1
a,,b,-1.120082561,2.303158439,-0.245896536,0.789341441,0.115586434,,,0
,-0.583846036,,-0.263321517,0.002077552,0.524972007,-1.067791494,,a,0.128171682,0
b,-0.103954704,a,-0.851791803,-0.267386462,-1.464202836,1.117695699,1.6084827,b,,1
a,-0.426230898,,-0.525664544,1.501497419,0.217505777,0.06024717,-0.374752827,,-0.746206544,0
a,-0.354953417,c,-3.487057029,3.222981867,-1.219412486,0.497792766,-0.509569054,,-0.521225287,0
,-1.931273457,b,-1.209747569,-0.927944681,,0.401493065,1.061253478,b,-0.618870489,1
b,-1.753361288,c,,0.24451063,-0.020292158,-1.253159596,,b,,1
b,2.877531046,,-1.196601402,-1.491802099,0.775939945,0.331323333,-1.36774333,a,-0.867946282,0
,-0.775053477,,-3.091278139,0.542667566,,-0.605994146,,,2.182546283,0
a,-2.764641544,,-1.479658343,1.116018608,2.595999429,-1.219839895,-1.485443838,a,-0.726208741,0
a,,c,-1.205641796,2.856272917,-0.63834218,-0.510522879,,b,,0
,-0.720797994,b,-3.796337979,-0.918374318,-1.098576846,-0.109004862,,,,1
,-3.008534248,,0.626028281,,,0.524861446,-0.566999477,a,,1
,-0.222596413,c,-0.394781666,0.550797315,0.955060625,-1.678799614,-1.152386377,a,-0.538964872,0
a,-0.23703745,,,0.254512558,-1.531536576,-0.718872015,0.965377671,b,,1
,-0.094974456,a,-0.117761669,-0.905567987,2.090818537,0.776344149,,,0.399659108,1
a,-0.651637684,a,0.150262943,-0.666057424,2.82787707,-1.287773901,,a,,1
a,1.670479072,c,1.375291976,-0.125941904,-0.06773867,0.511120637,-2.165300291,a,0.665488055,0
b,0.557191255,,-1.95253014,-0.764601645,-0.980496929,-0.568222032,,a,,1
,0.995915226,,1.24539264,1.396733927,,1.500680962,0.795455011,b,-1.619982096,1
a,,a,2.11136731,-0.067006988,1.69209873,-1.122276389,,,0.092172949,0
b,1.442671633,,-1.232623603,,0.797133703,-0.799757711,-1.189246668,,,1
,-1.626841074,c,-0.160353012,1.754349575,0.90896439,0.791439115,-0.080010018,b,,0
b,2.318377192,b,,-0.746656605,1.492695054,-1.140111184,-3.310648845,a,1.439779196,0
a,-2.630613623,b,-1.963695186,1.95767347,,0.630643881,-0.999016029,a,-0.293107776,0
,0.062559049,,-1.703339013,-0.050913811,-1.001748423,-0.518089197,0.329320638,,,1
b,0.934920183,b,-3.1681186,2.022084682,-0.597416785,1.963302083,,,0.426804564,0
,0.48172597,c,-1.234993125,0.340083819,1.244836507,0.741860557,-1.984520895,,-1.871608665,0
b,2.70551189,c,,-0.98460872,0.085522726,-0.844366339,,,,1
,-1.979791605,,-1.533312493,1.579552324,1.154033251,,-0.73144798,,-2.047744208,0
a,1.362587543,a,1.772945779,,1.529535354,-0.244875957,-1.628860828,,-0.627266989,0
,2.862937533,,,-2.324825454,0.454543853,-1.24554375,,a,-0.859826659,1
,-3.244667855,,-1.396299046,,,1.550126691,0.668460521,b,0.486191826,1
,-1.86084202,c,-1.848212419,,-0.396061078,-0.214636059,,,,1
a,-0.755811413,,,0.378010995,,-0.804602909,-0.987974863,b,0.724529198,1
a,-1.994778905,,-1.184522504,0.946518115,1.613147008,0.33667788,-1.095450986,a,,0
,-1.579999712,,0.792361843,1.954258172,-0.26342726,0.049179884,,b,,1
b,1.154770123,,,0.625599643,1.316495704,0.943090013,-2.760374373,,-0.85272553,0
,1.53139233,a,-2.718125423,-1.595724603,-0.469149871,-1.10474364,-0.829740243,a,-2.63421833,0
,-1.967160761,,1.04873828,-1.022608007,2.802766201,0.926960411,-1.455134262,a,0.165710456,0
,3.228647414,b,-2.74763511,-2.201157394,-4.932228466,-0.177148398,2.686008801,,-0.71519181,1
b,1.50391865,c,-1.130455456,-1.098672128,,-0.699188624,-1.226141291,,,1
a,-2.521175458,,0.496739338,2.185814671,0.747350396,1.200105975,,b,-1.941111116,1
b,3.171421536,a,0.324490482,-2.684144301,3.02202629,-0.107351581,,a,-0.725826519,0
b,2.099718819,,0.409516297,0.102149551,-0.544081916,-0.585896715,-0.855165957,a,,0
b,1.377657251,,-0.303671931,-2.959277719,1.570381961,0.023828292,0.048161385,b,,0
,-0.342480389,,-1.216354996,-2.328863479,2.019248794,0.112851551,-0.598264433,,1.01486115,0
,-0.591019405,,-0.737366645,0.945472214,-0.647837107,0.842217906,-0.229133499,a,,0
,-1.592447496,,-0.417641853,0.65740828,1.583786094,-0.740280376,,,0.183013756,0
,-1.085395332,b,-2.515537161,1.405107047,-1.061682046,0.337542761,,b,0.448155188,1
b,-0.764050006,a,,-2.687339629,,1.492908843,0.776106609,b,-1.140116521,0
b,1.76237044,,-1.908757463,,-0.208603132,0.465324073,-2.0437833,,-0.272078774,0
a,-2.917994739,,-1.002280529,,1.617212101,1.195905923,,,,0
b,1.558882944,c,-1.141136163,-1.44492979,0.956140857,-0.862727357,,,,0
b,0.947910777,a,-1.363420158,,-0.160377283,-1.040160707,-0.348849661,a,1.06459537,1
b,1.38008305,c,-0.235376818,,2.481967843,-0.377879135,,b,-0.644734451,0
,0.126715191,b,,,0.059223953,1.588303319,-0.08777415,b,0.813994135,1
,1.8149903,b,-1.872971715,-1.120783361,-1.548966633,0.336370352,,b,,0
,-2.459063953,b,,1.797533341,,0.678685134,-1.867975826,a,2.545767127,0
,0.301858562,,-1.974268349,,-0.538801607,-0.807677994,,a,,1
b,0.853009255,,,-1.189193881,2.085032732,-1.060634848,-1.183237649,b,,1
,-0.502187793,b,1.160267758,0.157724171,0.289096819,1.10470611,-1.375959414,a,,0
b,0.439048662,b,-1.234961602,-4.013051091,2.025086146,,1.657786753,,,0
,-0.244979062,c,0.710273829,-0.665605252,2.822670826,1.377946463,,a,-0.168200194,1
a,-0.820885803,c,2.82957386,-0.795138505,0.56403346,1.50063941,0.628988386,b,-0.636613035,0
a,-1.343622711,,-0.934268345,0.378075545,-0.516535188,-0.769970802,,b,0.641485517,1
,-2.68769913,,,,0.800412657,0.267699858,1.529814045,b,,1
a,-1.90055872,,-0.226530177,0.607769359,1.627986876,-0.646671107,-0.931248005,a,-1.673706459,0
a,2.752396392,,3.033036559,,3.665612771,-2.422749778,-4.387053804,,-1.775807382,0
a,0.2933682,c,0.053183665,-1.173912493,,-1.766082276,,a,-1.299910594,1
,0.520436595,,-1.445493404,1.564392291,0.074772175,0.616807677,-0.913829665,a,,0
b,0.247066637,c,-0.797061017,-0.056556686,0.03354336,0.210193853,-1.248474921,a,-0.993954596,0
b,0.900056287,,0.313220521,-1.236939453,1.054950768,0.607792131,-1.06653903,,,0
a,-0.720602324,,-0.886306554,0.877411744,0.107324082,-0.417934898,,b,-0.436283444,1
,0.452142337,c,,-1.490361211,-0.008460895,1.775599172,-1.211712654,,,1
a,,,-0.072064639,0.681152148,0.487380672,-0.007789587,0.783043471,,,1
b,0.582405134,a,-0.958741313,0.043600709,2.209159568,-0.751503216,-2.358560431,a,0.377209261,0
a,-0.388320599,a,-0.202037486,-0.997898275,2.46709423,-1.325672903,-2.214889475,a,1.233744959,0
,-1.736957609,a,-0.954683289,-1.689788975,,1.065035319,1.628809959,,-0.057739543,0
b,0.753599304,,-1.212442862,0.316896932,,0.177367375,1.804282008,b,1.124031275,1
b,2.356933862,,-2.664934597,-0.465487585,-4.179985868,-0.896711396,3.342663252,b,1.919731072,1
b,1.514248704,,-0.957900009,-2.514621976,0.989055533,0.228161134,-1.836014544,a,-0.404965763,1
a,2.106896752,a,,-0.675903876,1.917715598,0.891039898,,a,,0
a,-1.12155131,c,,2.233878018,-0.954966265,-0.753914876,,b,,1
b,,b,0.564313711,-0.606131384,0.326360753,-2.158430485,-1.990801763,,0.534853047,0
,-3.52865048,b,-1.615897703,0.474073066,1.629939345,0.573402036,0.474039473,b,-0.321282776,1
a,1.751280371,b,2.164134897,-0.905338687,,0.169124559,-2.331308408,,0.125313626,0
b,,,-2.474787436,-1.761324225,,-0.318468669,,,0.35702947,1
a,0.112557755,a,,0.04426157,-2.183095048,0.8453261,0.339678235,a,-0.57647194,1
b,1.361754388,,-0.516590136,-0.936921035,1.346248727,-0.454542037,-0.860367996,b,-0.700981086,1
,-0.804699504,b,,0.968149312,1.47449298,1.157171062,,b,0.14690089,0
,1.495671494,c,2.144126957,-2.734213742,3.835028149,-0.367220771,-1.823107952,,,0
,2.461866433,a,-1.923948096,-1.386097338,0.591266005,1.210292247,-0.716948022,b,0.037660034,1
,-3.635875287,c,1.425260823,5.239622268,1.209209226,0.750414662,0.325157202,b,0.526597688,1
b,2.620068637,,-1.229647614,-3.373021828,2.407254147,-1.949666974,-1.242874274,,-0.290974015,0
a,-1.136345442,a,2.029540119,0.626210695,,0.564807081,-0.49758157,a,1.069233542,0
b,1.751468432,,-2.116346563,1.181688378,-4.131614362,-0.755959214,2.173472794,b,0.517973977,1
,-2.466766196,c,-0.382953802,1.390099476,0.484364925,1.381002817,,,0.7357758,1
,0.634985184,,-1.98378489,0.739816572,-0.82503087,-0.091104957,0.607718277,b,,1
,-0.557267338,c,-0.324531408,0.001573874,0.35132519,-1.032154554,-0.534946282,a,,1
,2.182418777,b,,-1.446865313,0.56342179,1.10624695,-0.715340644,a,0.883380374,1
,-1.425985607,a,1.82808746,-4.603073609,4.392456899,-1.172069035,,,-2.047524341,0
a,2.768660163,a,2.112112495,-0.827173425,2.777276947,-1.071060456,-4.446224873,,-0.206288566,0
,,,-0.507324527,-1.543876511,2.621861823,-0.281082207,,a,,1
a,,a,-1.053016833,2.251597874,-0.594166631,-0.56533391,,b,-0.968616215,0
b,0.143013407,,,0.691123554,-2.003789411,-0.184563845,1.85083469,b,-0.155711025,1
,1.260870923,,-1.241443783,-0.630377702,0.603156427,-0.007170435,-0.760072873,a,1.254873881,1
a,-4.228608658,b,-0.229020782,1.559239713,2.0926105,0.591446622,,a,0.130064044,1
,0.053053314,,2.502419748,-0.695937207,1.038538958,-1.129075853,-0.907475562,,,0
b,1.752163369,,-0.14435742,0.382983329,-0.442399252,0.002416208,-2.073423629,,,0
,,,-0.674670379,-1.354137642,0.526940023,2.937809286,-0.584857122,b,-0.346351136,1
a,-0.152588803,,,0.57603387,2.488884432,-0.427736243,-2.073939148,,0.235054864,0
,-3.894127748,,-1.135694461,3.335340633,-0.721650145,0.60592073,,b,,0
b,2.239171525,c,-2.167218444,-0.61513477,-0.146444383,0.946909215,-0.210084742,b,-0.142098364,1
a,-0.28015012,,0.237450767,2.106409036,-0.878987459,0.189041679,0.581231914,,,0
a,-0.962020059,,1.65975234,2.60696633,-1.099649322,0.533445178,0.206563366,,0.341657089,1
b,-1.024520041,a,-2.910769259,-0.505820708,,-1.002808445,1.334185957,b,0.399733389,1
a,2.267546026,,3.216643282,-1.264024302,4.586447178,-0.544781314,,a,1.620253335,0
,1.573283372,,,-0.664466761,,,-0.937606729,a,1.275070399,1
a,0.248694984,,0.931161375,2.361140929,-1.888220262,-0.923294471,1.788257114,b,,1
a,1.476271909,a,2.724703611,-0.529533229,0.694495974,0.840785802,-1.26406435,a,,0
a,-2.300367864,a,-0.113608264,2.41138035,,0.467499688,0.529429918,,0.513139246,1
b,2.110621116,,-1.769529904,-1.398453115,,0.894548874,-1.633594004,a,0.112931775,0
,0.487951432,,2.898368808,-0.527596996,1.473070738,1.656572174,-1.381376585,,,0
a,0.373767174,,1.704133398,-2.096003865,,-1.69377573,-0.82014639,,,0
,-0.748627574,,,-0.243075475,-0.18796965,2.055941362,-0.312386345,a,-0.557414996,0
,-2.387860609,,-1.082636255,1.396762783,0.311821107,-1.347701519,1.143236374,b,0.583809489,1
a,-3.027954843,a,,2.315626425,1.230076888,-0.571138478,-0.262205882,b,0.276090126,1
,0.746474433,a,,-1.579367132,1.56920791,0.226020897,,,-0.79438783,0
b,1.227450265,a,-1.859348324,-0.960188629,-3.010112983,0.496556897,2.202850313,,0.171391267,1
,0.147115513,b,-0.518198746,-1.119071805,2.160758593,,-1.974820279,a,,1
b,-0.037124425,,-2.114549805,0.352338605,,-0.894972944,-1.750917169,a,-1.609002465,0
,2.84182179,a,,-1.996831273,-1.480243441,-1.043882166,-0.575219838,,,1
a,-2.838641032,,0.941735401,0.193963341,0.489020289,1.430977449,0.369357298,b,0.160356503,0
,0.068863201,b,,0.454432886,-2.000989612,0.490834335,1.475848055,,0.521427563,1
b,1.197051373,c,-0.565517983,0.003262369,-0.531252461,-1.747127224,-1.426370954,a,-0.123164749,0
a,-0.833101514,,-0.783723266,-0.5789294,1.877524793,0.246408782,-1.427372713,,,1
b,3.108670414,,2.205395236,-0.838538868,2.084342259,-1.516418156,-3.244635155,a,-0.645537999,0
b,1.33861832,c,-1.638648634,-0.594286596,-0.435612079,1.404379449,-0.324232219,,0.177185957,1
b,1.02659557,b,0.956289836,-1.454262999,2.94647729,0.738990364,-1.538126288,,,1
,-2.927737528,c,1.407072238,3.69993972,0.64406761,1.238322399,,b,,1
b,-0.646704869,b,-3.311837486,-0.712836666,-1.228786619,-1.272123714,2.411440382,b,0.485658369,1
a,,,-3.066190132,1.624097156,-0.242426767,-0.730618729,2.64962447,,-0.653229767,1
b,0.387033534,,0.576067091,,1.636486923,-1.364334288,-0.935987447,a,-0.756111477,0
b,0.922110188,b,,1.066115691,-0.113385909,-0.915646394,-1.764407541,a,,0
b,0.403080654,,,,0.538379636,0.247390907,,b,0.286417147,1
b,1.082311344,b,-1.742680685,-0.993106365,-1.656871113,-1.156693368,0.949999917,b,,0
,-0.48554303,c,-1.35529212,0.664238431,1.696035941,-0.274370546,,a,-1.009815026,0
a,-1.22702054,b,-1.530729648,0.548895146,2.113127944,-0.351130498,-1.933613266,,-0.963363729,0
a,-0.605147645,,-0.64298457,0.249679073,-1.285756862,-0.32319075,,b,0.592661622,1
b,1.138700732,b,-0.672118861,-2.56704498,1.027862486,0.619184768,-2.074692226,a,,1
,0.365551535,b,-1.01331277,-0.166396373,-0.501038238,1.641311068,-0.033800847,a,0.577702327,1
,-1.714339866,a,-0.151710021,0.273499662,1.462844335,-1.994050157,,a,1.27652504,0
a,-1.873213023,,-0.228398852,-0.615471033,2.764082206,0.172091872,-1.926045359,a,0.809136342,0
b,-0.562914685,c,-1.325335812,0.124826621,-1.204596526,0.326881906,,b,,1
a,-2.060284032,c,-0.159437135,1.126644951,1.682006599,-1.012977589,-0.653474863,b,0.212483519,0
,5.024433623,,3.713222003,,0.927210198,1.202455953,-6.723408222,,0.470933812,0
b,1.146596993,b,-0.249554999,0.616429112,0.435972859,0.810482992,0.167494675,,,1
,1.419122533,c,-0.998652369,-0.768070942,0.935756252,0.361860493,-0.825263009,,-1.972583943,1
a,-0.337414795,a,-0.278574027,,-0.90909653,-0.791686469,,b,,0
b,2.333835227,,,-1.781155253,2.081368806,0.026576031,-1.835715872,,-2.532538131,1
b,,c,,0.813685334,,-0.284646583,2.516996634,b,,1
,-2.862946663,,,,0.360795934,-0.681075128,-0.182082208,b,,1
a,1.01892372,c,2.073078171,-0.647271699,0.554991284,1.769763783,-1.778950698,a,-2.135925212,0
b,2.797494913,a,1.064848061,-0.267896854,,0.58739951,-1.569477227,a,,0
b,1.061472903,a,-0.844462427,0.158845394,-2.680979875,-0.159255844,2.092479386,b,,1
,-1.196025751,,0.744306245,0.181873846,1.601383243,-1.411371318,-0.652790438,b,,1
a,-2.564087164,,0.641566557,,,-1.000881464,0.18374953,,,0
,-1.736968101,a,-1.328605785,0.772454296,2.054017642,0.751102051,-1.52330055,,0.395858547,0
,1.3422843,a,-0.288171136,-1.132411928,1.841127335,-0.945127508,-1.779715098,a,,1
b,1.770380656,b,0.795438897,0.291806957,-0.643697137,0.08900586,,a,,0
a,-0.31150214,,0.143888974,-0.76202122,,0.936295372,,b,-0.377736092,1
a,,a,-1.529714994,1.588009533,1.910925232,-0.994476957,-0.960937059,,0.243358271,0
,0.799134558,,0.535457027,-1.81534765,2.724961833,1.289729805,,,,1
,-1.488231426,,-2.195507751,2.487327066,-1.087439024,-0.294409035,,,,1
a,0.224449021,b,,1.328302852,0.422226198,1.852877905,,b,0.528396653,0
b,,,-3.016481587,-0.439351325,-0.967582268,0.370264949,,,-2.368714196,1
b,0.498956426,c,-4.64298717,-0.770032966,-2.738176541,1.586107588,,b,,1
b,0.685525262,b,-1.137719404,-0.970626895,1.115899149,2.423330309,-1.039740555,a,0.579625644,1
,-0.33135745,a,,-3.409570126,2.835583694,0.822378913,,b,,0
b,,b,-2.107368949,,-3.486684264,-0.197856485,,b,,1
,0.880843449,b,1.680789299,,2.990252134,-1.161356746,-2.170790594,,,0
,,,-0.451497559,,1.28960467,-1.652349607,-1.603786189,a,0.617393229,1
,-1.038451737,b,-1.291174934,1.078317776,-0.855567264,0.74194277,1.40463566,b,1.544583919,1
a,-1.049411139,a,0.030163809,1.321395828,0.030142312,-0.439267236,0.073280632,b,-1.368708678,0
a,1.646990255,,0.33805487,0.85805852,-0.155387237,,-2.536076013,,,0
,-3.033427698,,-2.207917082,2.167602311,2.163842104,-1.171147191,,a,1.154088809,0
b,3.998417335,c,-2.596157981,-3.379908418,1.080807094,-0.245955961,-2.191833429,,-1.037524068,1
b,3.912920003,,1.686275232,1.449733953,,1.158512844,-3.159765494,a,0.897749086,0
,0.047509774,,-0.146057181,,-1.938917504,1.136693777,,b,-0.409918796,1
a,-0.633738019,a,0.537164199,,-1.702252008,0.790623264,0.852129095,b,-0.295362414,1
,0.906526114,b,-1.550376322,,0.196217584,-0.425707522,-0.899723195,a,,1
a,-1.397219434,c,-1.938754306,-0.284773624,2.013168741,-0.726658439,-2.356679635,a,-0.324645538,0
a,-1.091648851,,,-0.352216415,,-1.143500512,-1.818923407,a,1.66825084,1
b,,c,,,0.604310239,0.48307291,-1.5441926,a,0.385067983,0
a,-1.299206426,,-2.625728621,2.165630365,0.979046168,1.29521818,-1.252653128,a,-3.278984274,0
,0.203408519,b,-0.491495169,1.698180616,-0.853460857,-1.351569653,0.141632272,b,-0.176499392,0
b,3.095312755,a,-0.560704009,-1.363344693,1.137265622,0.01154167,,a,-0.109204942,0
a,0.067739479,a,,-0.932998549,2.338533105,-0.115684118,-2.51608894,a,-0.450786169,0
a,-2.006744556,a,-1.160536478,1.78392618,-0.298867452,0.126113749,,b,,0
b,0.622402595,,-0.001671421,-1.314224694,3.036172555,0.609927457,,a,,0
,-0.303701962,b,-0.48120889,0.759381024,-1.568176072,-0.723882627,1.491046096,b,,1
,2.472197352,,,-2.023565628,2.5384328,2.581970949,-2.630798186,,0.329933538,0
,-3.487233374,b,-2.839583913,1.152760289,1.139976803,0.622340099,,,-0.15966508,1
b,1.18743571,b,-1.784544358,0.481067366,0.082532036,1.869448344,-1.788063231,a,,0
a,-0.851220819,b,-1.594675484,0.998389356,1.415532087,0.507836264,-1.388415886,a,-0.700888403,0
b,1.187342392,,0.61371321,-2.401007141,2.122225381,1.678603857,,a,0.939610398,0
b,0.312854622,,-1.419335657,1.136934841,-0.737232618,-0.103037674,0.822338405,,2.07524274,1
,-0.280774383,b,,2.009177955,-0.03443339,0.213484945,,a,,0
a,-3.372530277,,-2.623592026,1.264465109,,-1.031984871,1.530096021,b,,1
b,0.837400338,a,,-1.119850037,0.203304304,,-0.917200544,,0.390081625,1
a,-2.038899068,,-1.299787182,1.941526308,0.589210799,0.53440017,-0.303797447,b,-0.607209873,0
,1.557406844,b,,-0.463280444,-1.375165091,-0.635354866,-0.048131508,a,,1
a,-2.566360205,,0.071847683,-0.074820002,0.69168042,0.580994872,-0.618347016,,-0.754307363,1
a,,,,1.355865556,-1.941529671,-2.547445808,1.209023124,,,1
,-2.289153925,b,-1.548289108,0.312249169,0.642405166,-1.044662004,1.335906074,,0.705838059,0
a,-0.346856833,c,2.869178717,0.552053872,0.687813672,0.124372403,-1.719990463,a,,0
a,0.608216754,b,1.434884591,,0.270056829,1.396905456,-0.023452943,b,,0
,-2.582543469,b,-3.144479614,1.449898145,2.813890904,0.006104773,-2.104766969,a,,0
b,-2.289137717,b,-2.475176441,-0.150171732,0.376764381,-0.288475589,,,0.863417004,1
,0.12357401,b,0.42387049,0.902353692,,-0.22977949,1.019762495,b,,1
a,0.610081055,c,1.898807267,-2.143493135,2.2761233,1.319236039,,b,,0
b,1.636906783,a,,-2.062355993,1.695174923,-1.329550422,-1.903942605,,,1
b,1.657381673,c,0.872282536,-1.272628922,1.154268696,0.863063389,-1.523905837,a,0.442177302,0
,-0.417908682,,-0.344186724,2.06855752,-1.988807566,-1.11797419,0.540917357,b,,1
a,-1.184805021,,,0.86373646,0.345056068,0.374352646,-0.385844715,,,0
b,3.139130551,,1.264614163,,4.089827867,-0.911383364,,,-0.014772225,0
a,-2.460215436,,,1.63675722,0.241055201,-0.077607393,0.755826252,b,-0.600223007,1
b,0.429999177,b,,-1.208939567,2.010010709,2.111256388,-2.094712598,,,1
a,-0.532795312,,-0.953449641,1.000873215,,0.066463937,1.334983001,b,0.80083366,1
,-1.240878424,b,-4.18077617,0.434951612,-1.06141018,-1.856117784,2.758564545,b,-0.253200903,1
,2.082899679,,-0.00010364,-0.449424078,1.510663602,-0.118725426,,b,,1
b,1.698915693,a,-1.079811042,-1.638916944,1.401012874,-0.453869952,-1.639488988,a,1.14752076,0
b,-0.318992832,,-3.884107532,0.807497426,-1.965425978,0.483579173,,,1.073302657,1
a,-0.901237583,c,-1.307364325,,1.469261228,-0.503843772,-1.500614214,a,0.245510639,0
,-1.172278355,,-0.684195488,-0.567123859,-0.611463744,1.058737981,0.198786793,a,0.835021613,1
b,-1.106925281,b,-2.673372592,0.248722697,-1.039241021,-1.251618352,1.720774876,b,,1
,0.506936121,a,0.699053826,0.890713292,-1.995655954,-0.998278693,0.715936629,b,-0.87283736,0
,0.019155458,a,-2.553084602,1.870519578,,2.098501009,,,1.781768437,0
,-0.954543786,c,-2.9262853,0.673936272,-1.268409292,-0.350547337,1.903416908,,,1
b,1.861349976,a,-2.237523366,0.805338182,,-1.992066355,-2.309559609,a,0.548729438,0
,0.046069227,,-0.624161597,1.127727422,-0.551176948,-0.440211158,0.803507343,,2.304521565,1
,1.164250164,,-0.924909915,,1.658198785,0.600864957,-0.724830152,b,-1.123629982,1
a,-3.774778625,,,0.962846267,1.987247645,1.597060385,,b,0.628846595,1
,,,-3.177106461,-2.051776037,-0.744450123,0.539139016,2.719524608,b,,0
a,-0.033382369,a,-0.541040273,-1.245003234,,0.328226656,-3.06217439,,,1
b,0.086314466,a,-0.660444927,-1.01993017,1.095647298,-0.323647815,-1.127313155,a,-0.738055885,1
,,a,-1.613857631,0.946585001,-0.178927049,1.289258998,,b,0.82491679,1
b,0.445997829,,-1.450181265,-0.691808726,0.389023419,-0.309446165,,a,,1
b,4.362104587,a,2.557787129,0.499604022,0.027072211,-1.026304848,-3.025684802,,,0
b,2.740703314,b,1.192257464,-0.529611104,1.804784133,0.028679175,-3.096931504,a,0.19473138,0
b,1.881098313,c,-0.672078882,-2.637734597,,0.077524009,-2.939754124,a,,1
a,-4.168685944,c,1.859031518,3.339378451,2.28151928,1.025561827,-0.682794188,,,1
b,0.717451608,c,-0.556941607,-0.282334281,0.832783722,-1.092208702,,b,,1
,2.642668504,,1.421020903,-0.729277642,2.056836629,1.689173185,,a,,0
b,1.137596562,b,,-0.496423296,0.322212193,-0.817844405,-0.079445416,b,,1
,1.342520538,a,,-2.383592819,2.693956926,0.940903324,-1.581302494,a,-0.32993934,0
,-0.833919297,a,-1.704568119,1.223425585,0.474801924,0.364645001,-1.052293399,a,,0
b,0.986754719,,,-2.079403043,0.695752893,1.39666174,,a,-1.246523999,1
a,-1.899844688,c,0.551208005,1.210711922,1.142246128,-0.645996347,-0.053101916,,-0.172391828,0
,1.228171739,a,2.496001172,-0.367505604,0.460905307,-0.085482652,,b,,0
,1.540870324,a,-1.130562258,-1.332565686,1.567325936,-1.204927393,,a,,1
b,0.781793321,b,-0.051577748,-1.081198597,-0.748638517,,0.858121735,b,-0.397165355,0
a,-1.046274761,b,-0.321816718,0.283627879,-0.696642922,1.666816131,0.533626061,b,-0.863466706,1
a,-0.019878509,c,,,1.99881755,1.295232708,-1.426193267,,0.125148555,1
a,-1.398301988,,-2.357205272,2.133554812,-0.431191761,-0.142123916,-0.453682591,a,-0.065505352,0
a,-2.550787735,a,0.044152044,0.254852063,1.544209283,-0.491386882,-0.73897538,,,0
a,-1.348705261,b,0.37206035,-0.524656253,0.268451159,-1.131164679,-0.530078318,,,0
b,0.807944985,,0.465052579,-0.577818196,-0.396098784,-0.768472677,0.112156751,b,1.072388906,0
,2.61449298,b,1.494267127,0.064209042,-0.450473938,0.826933776,-0.633254081,,0.762251984,0
a,0.35488678,,1.625523615,-0.277521813,0.883999433,-0.387774093,,a,,0
a,-0.506749907,,0.137572516,0.530289192,-1.221685368,1.665988967,,b,0.537325145,1
,-1.120805986,b,,,,0.565189174,,b,,1
a,-3.251748139,,0.424425222,2.220748321,1.358931299,0.827617944,0.134710629,b,,1
a,-0.094737865,b,-0.456745645,1.05168543,1.04024221,-0.960463566,-0.997878885,b,,0
b,1.277835663,b,-1.252070386,-1.079792649,-2.79300069,0.563110103,1.930552092,b,1.665398827,1
a,-3.16608635,,-1.477656558,2.293628245,1.0411137,1.131325637,,b,,1
a,-0.452800267,b,-0.980664169,-0.143497033,0.765840067,-2.333192805,-0.668321967,,0.076788927,1
,-1.902347881,a,-1.467873904,2.689983768,1.120093534,0.988515609,-0.373188349,b,,0
b,2.740773649,,,-1.019098042,-0.597526237,-1.988001562,-0.192145111,b,,1
,0.375027198,a,1.168680386,-1.648326077,0.850056012,0.479277125,0.179045423,b,,0
a,0.468603455,,1.555695662,,2.086270585,-1.719536994,,a,-1.546670276,0
a,-0.294382672,b,-0.325132756,0.055123635,0.643521084,-0.113313724,-1.0137298,a,0.487699547,0
b,2.287224129,,-0.708690351,-2.382026706,,-0.838696075,-1.799163885,,0.574479727,1
b,-0.36797384,,-2.272733972,,,-0.171287415,2.004434236,,-2.552795772,1
a,,,2.991178152,-1.992377217,1.974605246,0.57843719,0.249940296,b,-1.422129478,0
a,-1.151493917,,,2.061995606,,-2.974091209,2.414397985,b,-0.79360135,1
b,0.893488937,b,-1.502901567,-0.603223699,0.70838058,0.019271095,-1.076715068,,-0.083847433,1
b,2.147316193,,-1.621738349,,0.685587059,-0.759106728,,b,0.026669677,1
b,0.638203082,a,-1.597514464,,0.208166858,0.338481568,-0.689710047,,,1
b,0.452892331,c,,-0.240723925,,-0.232932238,-0.155051992,b,,1
,-1.133725403,c,1.103369743,2.763429368,-1.001523723,1.823857669,0.628645782,b,,1
,1.095559888,,,-1.923509609,0.314176336,-1.217316754,0.086428364,b,-0.940529737,0
,-1.395063149,,-1.925809206,1.762447594,-0.848468306,0.151177212,1.750503447,b,1.195762901,1
,2.207907953,c,-0.803058011,-1.376707961,2.404433548,0.233381408,-1.592193658,b,,1
,-0.012279351,c,0.726766115,-0.638918512,-0.617629308,,-0.424877316,a,-0.593297004,0
b,-0.283953138,b,,-1.241152472,-0.236168266,0.554930647,,b,0.393729005,0
a,-2.766637746,,-0.772083274,1.791057568,0.410369484,-0.33276476,0.24425005,,,0
,1.57663284,,,0.688348968,,0.735092723,,a,2.049278404,0
,-0.822691978,,-0.163789269,,-1.177442715,-2.245251045,,b,1.299382511,1
b,-0.422797826,a,-2.190869409,0.109416744,1.232269073,-2.103973034,-2.175531516,,,0
a,-1.521813167,b,-2.127440059,1.448717651,-0.669147495,-0.823840689,1.858778068,b,0.630477549,1
b,0.581580201,a,-2.055304157,,-2.71384778,-1.109974204,1.910494543,b,,1
b,1.392369501,,-0.071567707,,2.240663646,0.099456978,,,,1
,-0.34601733,b,2.38717317,0.486502523,-1.378155595,-1.267207345,,b,,0
,-2.387548474,,-3.392795577,2.827881946,0.70363882,0.499035583,-0.798709146,,-0.19654677,0
a,3.2856164,,3.224981734,1.031325551,0.713596989,-0.693763445,,a,,1
b,0.227759254,,1.390887933,-3.215117473,3.933713759,0.086800378,-1.689661996,a,,0
,1.292065272,,-0.416761889,-1.219658092,0.890824312,0.626636284,-0.978922896,a,,1
,-0.71772853,,-2.866779722,,1.380462377,0.732074398,-1.818042029,,,0
a,-1.559689359,,0.161724682,0.006278567,2.594538651,2.061364631,-1.465068286,,,0
b,1.811052973,a,1.087484232,-1.966769763,2.017776845,-1.395673048,,b,-0.663969018,0
a,0.703648026,a,1.077235804,-0.808091255,1.515126928,0.040658977,-2.071500761,a,0.456675305,0
a,-0.382040645,,0.352203197,-1.398215145,,-0.402148412,-0.200128073,a,-3.441954904,0
b,1.175869203,a,-1.62997828,-0.270860535,0.369554805,0.601919595,0.056723907,b,,1
b,0.548322827,,-2.274091107,,-2.594028355,-0.20244915,1.487610046,b,0.630141357,1
a,-0.945751847,,-0.480593532,-0.614055552,3.426421022,-0.796139602,-2.29473379,a,-1.198950506,1
a,-2.769115407,,-3.69834964,,0.476807815,-0.251603308,2.391001914,,,1
,-2.743300227,c,0.265219474,,1.09141137,0.182142859,0.704430444,b,-0.453783556,1
,,c,-0.61070822,-0.767216467,-1.521004368,-0.093688284,0.847560237,b,-0.846145484,1
,0.516081135,,-0.486371714,-1.624002309,1.911416332,0.34945533,-1.803609372,a,0.679361825,1
a,-1.015909263,,0.044831419,,-1.410418119,1.347723379,,,,1
a,-1.207627747,,,1.879502006,,-0.768604549,1.758330535,b,-2.517174564,1
,-1.869906453,c,,-1.274281164,1.802004045,0.755987771,-1.027829176,a,,0
b,-0.972909954,c,-2.593987411,0.917314694,-1.095447965,1.845906826,2.210809782,b,,1
a,-1.120460913,a,,1.529520601,1.254562061,0.582979911,-0.985974396,a,0.83842498,0
b,0.432515365,,0.074652193,-0.798084998,,0.774179334,0.843704534,b,,0
,0.841022567,b,0.892354753,1.151918614,0.200280125,0.998098337,-2.915785026,a,,0
,1.824829087,b,-0.81195372,-0.058647809,-0.438128666,-0.525573854,0.395859796,b,-1.916955919,1
,-0.615042381,b,0.235568903,,2.252654715,1.693205006,,a,,1
,-0.937249668,,-0.933335838,0.533243746,-0.689133874,0.230973248,1.657753086,b,1.238564512,1
a,-3.625703064,c,-0.130871791,2.227907177,1.165525538,0.845336702,,b,0.929782872,0
b,,a,-0.124032053,0.902950038,-2.708726265,-0.20748467,1.845983585,b,-0.702492997,1
b,-1.160642216,,,-0.161566422,-0.954822267,-1.882691819,,a,,1
b,0.788183297,b,,-1.190493273,-1.302590575,0.341014669,1.892307765,,-0.515972535,0
,,a,-1.024471201,0.079093015,-1.041245036,-0.433616546,-1.165124,a,,0
a,-2.309809633,b,-1.268924859,0.651196153,2.349486773,-1.275298899,-1.505638482,a,-0.244172724,0
a,-2.85025008,,0.085447561,0.055894176,,1.116154077,,a,-0.076394587,0
,-2.146010487,c,,0.537751381,1.737712214,0.78203519,-0.383710774,,,0
,-2.319934982,,-0.855901856,2.428935112,0.313312084,0.671356667,,b,1.291636116,0
,1.958532316,c,,-1.61648677,-3.808416999,0.016982737,2.339178288,,0.631366047,1
a,-0.72661878,,-0.519953195,0.222617077,2.625363442,1.054237756,-1.970010109,,,0
,-1.676243114,,-1.777426459,0.56457586,,0.278672516,,b,,1
b,1.939236923,b,-1.734042425,-2.012987201,0.397503138,-0.775682892,,a,,1
a,-2.098555014,b,,2.548570829,0.416599484,-2.665285302,-0.28613688,b,-0.495018199,0
,0.163653875,,,,-1.661480144,-2.728409015,0.982195099,b,0.812002032,1
a,-1.821410549,b,-0.264323288,1.865172473,0.940205003,1.466843529,-0.091347724,b,-0.627336751,0
b,1.064932884,,-1.083973396,0.066406168,0.705536192,0.279321853,-0.132980831,b,-0.391326107,1
,-0.450644666,,3.083390502,-1.595934104,,-1.620273989,-1.187632253,b,-1.141536597,0
b,,,-1.83090528,,1.240204159,1.314500076,-2.032038763,,0.60304384,1
b,0.773625255,a,-1.845088501,0.323966669,2.063783482,0.782434162,-2.711749303,a,,0
,,,,,-1.083459792,0.417832507,0.447114886,b,-0.563210393,0
a,-1.332455829,b,-1.087733358,3.059068406,-0.906742702,-1.390539228,1.616575699,b,-1.008302149,1
b,0.268710978,,-0.430575587,,1.608533732,-0.556200577,-0.916975061,,,1
,-0.696945031,,-1.305507198,1.225662949,1.629112428,0.131265053,-1.44340831,a,-1.233735265,0
a,-1.347060626,,-0.730610293,0.121589045,-0.034555801,-1.621769076,1.260391718,,,1
b,0.838562486,a,,-0.425032778,0.611414264,0.33088176,,,,0
,-0.805962927,,1.979023907,-0.375116514,,0.131697624,0.637644904,,,0
,-0.208043699,c,2.123559182,-0.88565212,3.735943626,0.253794261,-3.677011162,a,,0
,1.329451897,a,-0.265235943,-1.259812787,,-0.878121341,-1.467472656,a,-0.99598724,1
,1.683799632,c,-1.202084277,,0.581554225,-0.196780881,-0.496055936,b,-1.481793654,1
a,-1.020688674,c,-0.381718048,0.127694486,1.63483542,0.182134132,,a,,1
,1.549527181,c,-0.48323027,0.659713014,-3.491930228,0.430482087,1.670010271,b,-0.503023389,1
,-1.22818389,a,-1.017729342,0.565279884,0.535132578,1.206856955,-0.853831696,,,0
,2.881327442,,,-2.549854572,,1.149275409,-4.083723037,a,-0.98766891,0
b,,,-0.558792477,-1.609507258,1.215383474,0.497011553,-1.481227851,a,,1
,1.45904331,,-1.238740786,-1.090486711,0.394382638,-1.135211169,-0.920965624,,0.973811351,1
,-0.651581769,c,-0.491769565,-0.208168998,-1.025084239,0.920870129,,a,,1
a,-1.711511179,,-0.283613201,0.145031021,1.370576203,0.826896229,-0.985417011,,,0
b,-0.026892017,b,-1.203455942,1.229438237,-2.132325591,-1.192844848,1.554728423,b,,1
,0.204139813,,-0.647197831,-0.906771541,1.140465434,0.939762356,-0.8082711,a,,1
,1.907306289,c,-1.775335697,-0.933250537,,0.005028923,-0.380097925,a,-0.141142103,1
,-1.665664842,,,2.551151806,-0.645539396,-0.164696554,,b,,1
a,-0.827762425,a,-0.838222488,-0.029450755,1.412073835,-0.810434905,-1.516565245,a,,0
,3.176273583,a,-1.166984073,-2.534914571,1.747511781,1.224890497,-1.53715696,,1.711773535,0
,1.764572924,b,-0.645684324,-2.29512289,0.742455138,0.397426446,,a,,1
,3.198277244,,-2.060422304,-2.090326046,0.925427331,-0.682064553,-1.574216614,a,-0.174204291,1
,,,0.079053382,-4.538264349,2.354931121,-0.450541866,2.13625632,,,0
,1.508256397,b,,,0.746356994,-0.610450127,-0.891868792,a,0.774007449,1
,1.887929365,,0.107580295,-0.593284223,1.136427624,0.944717183,-2.580727623,a,,0
,-0.28009305,c,1.847515677,-1.444991362,0.469426801,-0.129080934,0.690789418,,0.49317675,0
,-0.731723581,b,0.347923973,0.098665708,-1.100250581,0.099406169,-0.472620879,a,,1
b,,b,-1.068635595,-1.443811828,1.015313582,0.312727712,-1.668527822,a,0.976768702,1
,1.342104952,c,-1.134915046,-0.965005178,1.486041141,-0.167244886,,,-1.980214881,1
b,-0.062010345,a,0.35414039,-0.388914806,,-0.429062402,1.343304096,b,0.586499996,0
a,-0.266959439,c,,-1.755842035,1.71104444,1.340772039,,,-1.18203092,0
,0.212867134,,-1.685098701,0.356933264,0.326866155,-0.315494551,-0.346285337,b,-1.101780259,1
a,-0.507627537,a,-1.939008004,2.750448613,0.844291707,-0.757037072,-0.783367081,,-1.023790766,0
b,-0.5383583,c,-0.949922336,0.110818468,-1.196025137,-1.610086156,,,,1
,1.396569771,b,-1.055053142,-0.251973979,-0.200477246,1.767147474,0.247703317,b,1.736176377,1
a,-1.901573377,b,-1.400042548,1.860387947,,0.768068466,-0.338754399,b,-0.983413209,0
,-2.9191501,,,1.305646146,1.72176143,-0.829135637,,b,-0.586211419,0
,-1.974631162,b,-0.502339178,,-0.277300331,-0.336789768,1.22995484,b,1.863150068,1
a,0.280646512,b,,-0.406988754,1.245486285,-0.081194296,-0.544812127,,,1
a,0.026020605,c,-0.131364854,-1.076638751,,0.276008838,,a,,1
,0.863532426,,-2.124209831,-0.903695244,-0.43080474,0.280187062,,a,,1
,-1.482697206,b,-1.692962515,0.506996705,2.166737038,-1.867063583,-1.820263575,a,,0
,2.374079011,a,0.050580415,-1.515148685,-3.600168165,-0.17288397,1.204666918,a,-1.114878276,1
b,0.028570134,a,-0.567800923,-1.722337967,0.884986908,0.217856053,,a,-0.050658447,0
,,,-2.140099373,-0.33628823,-1.354689899,0.239131392,,,0.549330006,1
b,2.422904305,b,,-1.670764471,,1.333675826,-0.764728571,a,,1
a,-0.840537043,b,0.220091393,1.582068346,-1.525863601,0.381148404,,a,0.543061752,1
,2.878318043,b,0.241077257,,-1.205575308,2.369552315,,,,0
,-0.392142823,c,-2.820476781,1.156966462,0.915785245,-0.315507843,-1.961289428,,-0.296233773,0
b,0.144681148,,-2.089583241,-0.236674663,-2.077053809,0.418655198,1.680080504,b,1.129862934,1
a,1.47247993,a,1.623341715,-0.542507909,1.123466512,-0.234760097,,b,,0
