var0,var1,var2,var3,var4,var5,var6,var7,var8,var9
0,-1.949904603,1,-0.128766261,-0.2433971705,-0.397057283,-0.111606386,-0.6572982165000001,1,-0.0181024755
0,-0.647904323,0,-3.79643361652,2.443032825,0.674126063,-0.403508357,-1.645227011,0,-0.0181024755
0,0.081973104,0,-0.964780857,-0.2433971705,0.216260791,-0.344433218,-0.723765583,1,-0.0181024755
1,0.081973104,1,-1.362002433,0.793390313,0.674126063,-0.58289296,1.428731245,1,-0.0181024755
1,-0.188582243,2,-3.492177997,-2.208914111,-1.456029416,1.270263908,2.330079148,1,1.179830571
0,-0.312063503,1,-0.227351791,-0.2433971705,1.771990592,0.45898325,-0.6572982165000001,1,-0.0181024755
0,2.474784332,1,-0.678001164,-1.604302712,1.023337636,0.447739518,-1.067345312,1,0.631224366
0,0.233700281,0,-0.521086491,1.165321565,-2.471681124,-0.171140655,-0.6572982165000001,1,-0.0181024755
0,-1.061735933,0,-2.960842207,1.948796439,0.926094455,-0.607297936,-1.437312873,0,0.703841891
0,-1.320291746,1,-0.678001164,0.129192591,1.801490232,1.305727682,-0.6572982165000001,0,-0.0181024755
0,-1.250782861,1,-1.160167872,0.960522369,-0.794276187,-1.254466255,-0.6572982165000001,1,-0.439421066
1,-1.452147952,2,-2.617430079,-0.634102882,0.674126063,-1.224086289,1.512136031,1,-0.666354956
0,0.405817087,0,-1.571636372,1.549146374,-0.043913271,0.705647935,-0.926991597,0,-1.722979854
0,0.074041831,2,-0.363966913,1.153319959,0.688307026,-1.819761695,-0.6572982165000001,1,2.0757656279999996
1,-0.619271981,1,-2.112369827,-0.235575649,-1.290616132,-0.53272613,-0.6572982165000001,1,-1.821722227
0,1.904743723,1,-2.033906428,-0.950357642,-1.004670778,-0.107703609,0.075004418,1,-0.176304292
0,-1.534931372,1,0.251934129,2.211066134,-0.493329979,-1.327420376,0.905136339,1,-2.281698223
0,-0.137827805,1,0.521501601,2.20688088,-1.715310648,0.436397381,-0.6572982165000001,1,0.63453761
1,0.680433549,1,0.518088688,-1.990770782,2.340512624,0.011910568,-1.980805221,0,0.42612718
1,0.773604939,1,-0.27291296,-1.794016327,0.674126063,-1.161462225,-1.436237536,0,-1.067532023
1,0.496594729,1,-0.678001164,-1.468568068,2.086796111,0.371976997,-2.148294913,1,-0.0181024755
0,-2.948113556,0,0.513317647,3.281544796,0.961357484,-0.371532739,0.809052546,1,-0.0181024755
0,2.250524138,2,-0.678001164,-0.731588371,1.211864398,0.063144869,-0.6572982165000001,1,0.407353886
0,1.84561983,1,-0.678001164,-1.714360992,1.545304014,0.293373784,-1.628494794,0,-0.0181024755
0,2.369182065,0,-1.590070194,-0.220517531,-0.212613066,-1.164752887,0.234415447,1,-1.287780606
0,-0.978478631,0,-1.695639123,1.649348957,-1.144016228,-0.213742096,1.689756018,1,-0.0181024755
0,-0.801596573,0,0.04306446,-0.2433971705,0.674126063,0.374642931,-0.981666189,0,-0.0181024755
1,-1.272801198,1,-2.067175099,0.928652039,-0.45182916,0.250826519,2.338741431,1,0.655325029
0,-1.256365539,0,0.479771955,0.341043011,0.674126063,-2.045719044,-0.495589964,0,0.150965765
0,-2.140874418,0,0.79535411,0.120378667,2.041208771,0.692521382,-0.693258395,1,-1.615198294
0,-3.271520287,2,-0.638890856,1.976100403,0.674126063,1.066369711,0.153141069,1,0.235800299
0,-1.808276036,1,-1.271975816,-0.301142767,0.674126063,-0.566295343,-1.993204192,0,-0.0181024755
1,2.500704627,2,0.668677563,-0.2433971705,3.147076581,0.557412679,-0.6572982165000001,1,1.90973169
0,0.828713631,1,0.949397714,-2.459083051,2.434510522,0.042838337,-1.289304568,0,-0.382220095
1,2.125528534,1,-1.18540446,-2.199958706,1.231836361,-0.836592439,-0.527927011,1,-0.0181024755
0,-0.545891986,1,-1.59401281,0.520370556,2.35125698,0.37828486,-2.143913956,0,1.112226008
0,-4.0825242541,1,0.890657543,2.917012068,2.530338623,0.56680632,-0.273844038,1,-0.0181024755
0,1.900760181,0,0.134415703,-0.679110933,-0.270617196,0.995292291,-0.229527315,1,-0.0181024755
0,1.326907963,0,-0.678001164,-1.971905237,-2.98445756,0.156825577,-0.6572982165000001,1,0.712894438
0,0.998946835,1,-0.678001164,-0.76440749,-3.230796418,0.136468823,2.75863936322,1,-0.0181024755
0,-1.208650272,2,-0.576700002,-0.257281387,1.670621722,-0.638523895,-1.686586242,0,-0.345545803
0,0.733126653,1,0.728235543,-1.056590792,0.826754514,0.042838337,-0.788418837,0,-0.0181024755
1,1.356142582,0,-0.695516528,-1.630134454,0.674126063,0.655277878,-1.226463505,0,0.271790522
0,0.081973104,1,0.291364124,-0.096714543,2.692865554,0.015651557,-1.633985761,0,-0.0181024755
0,0.196211853,1,-0.678001164,0.593466207,-0.434555451,0.042838337,-0.677313259,0,-0.0181024755
1,1.612907601,1,-1.082632215,-0.285417837,0.674126063,-1.379248508,-0.6572982165000001,1,-0.0181024755
0,0.207308605,1,0.163252386,0.425925828,1.034252146,1.147745037,-0.6572982165000001,1,0.342355754
1,1.562833046,1,-1.158010464,-1.516361375,0.183844302,-1.361924119,-0.6572982165000001,1,-0.0181024755
0,-0.663864999,0,-0.678001164,-0.974567653,0.674126063,0.814089478,-2.289820127,0,-0.0181024755
1,0.931891584,1,-0.678001164,-0.116055199,0.95272482,0.568325407,-1.06567459,1,0.618500407
0,-0.19219296,1,-2.969118434,3.29604305803,0.674126063,0.844434995,-0.755071633,1,-0.681605549
1,-1.474368727,1,-0.323150079,-1.518537867,-0.655793008,-1.67609284,-0.6572982165000001,1,-0.902378435
0,-3.053908107,1,-0.678001164,-1.705564694,-0.090271909,0.701331677,1.915531467,1,-0.0181024755
1,0.316299137,2,-0.613856293,0.416204023,-1.800959588,0.251138842,1.865769793,1,-0.0181024755
0,-1.433740402,1,-0.678001164,1.816517004,0.674126063,-1.308002593,-0.221636558,1,-0.0181024755
0,-0.004258566,1,0.561540207,0.445932481,-1.717859856,-1.425392313,-0.6572982165000001,1,-0.0181024755
1,1.40350303,1,-1.608918741,0.457954625,-0.162201843,-0.101244727,-1.679074004,0,-0.0181024755
0,0.086817349,1,-0.678001164,-1.847537499,2.133962402,0.813757102,-0.966016163,1,-0.0181024755
0,3.7514468424099996,1,-0.678001164,-2.39747235,0.674126063,-0.61643764,-0.6572982165000001,0,-0.0181024755
0,-2.044896204,1,0.530689374,-1.315011894,2.321594996,0.476655937,-1.593032181,0,-0.0181024755
0,1.395330934,1,-0.678001164,-1.423645218,2.079150492,-0.389141245,-1.816225317,1,-0.554963223
1,0.300521506,0,-3.287140036,-1.175376659,-2.286778267,-1.732877228,1.93168913,1,-0.0181024755
0,1.465925903,1,-0.678001164,-0.2433971705,3.239360361,0.093617047,-1.733580572,0,-0.903620696
0,-0.118150184,2,-1.601491222,-0.661586034,-1.864801913,-2.102741915,-0.6572982165000001,0,-0.0181024755
0,-1.40362733,2,-1.578243176,2.707831826,-0.432737511,0.820200437,0.20268074,1,-0.0181024755
0,-0.759852196,1,2.475359567,-1.281108292,3.412124401,-0.980693116,-3.220237312,1,-0.127709406
0,0.355583908,1,-1.655748501,1.251314603,0.608689809,0.387610705,-0.6572982165000001,0,-0.0181024755
0,-1.906835065,1,-0.708731304,-0.2433971705,-0.14065333,-1.19423999,-0.6572982165000001,1,0.702474308
0,-4.0825242541,2,-0.678001164,-0.2433971705,0.674126063,-0.623211476,-0.123668343,1,-1.250856357
0,0.781707212,2,0.130742473,-1.858138754,3.658139915,0.111265671,-0.6572982165000001,0,-0.0181024755
0,-2.98323536,0,-1.194941698,2.838549613,0.866014943,-1.147587168,-0.6572982165000001,1,-0.619627014
1,0.500359099,0,-0.805799502,1.234230243,-2.386963199,-0.514818009,1.381179314,1,-0.0181024755
0,0.829397448,0,-1.106924325,-2.112476913,1.193974345,1.725466564,-0.6572982165000001,1,0.343714725
1,0.081973104,2,-0.567795664,-2.30727968,0.068483337,-0.061498397,2.112210569,1,-0.0181024755
0,-3.033471164,2,-3.367723787,2.194221585,1.748563646,-1.711559713,-1.482321061,0,-1.971544488
0,2.151614281,0,-0.081309329,-1.145255275,1.04507558,-0.715921401,-0.6572982165000001,1,0.407878062
1,0.949396131,1,-0.739060094,-0.781062246,0.441585019,1.096842338,-0.270624202,1,-0.0181024755
0,-0.844584322,1,-0.678001164,1.134092489,2.630193642,-0.336542498,-1.48939131,1,0.730295999
0,0.525431949,1,-1.452918885,0.327462737,0.113466892,-0.79036548,-0.6572982165000001,1,-0.900810709
1,0.081973104,2,-3.79643361652,2.548870299,2.174221169,0.204145571,-2.558851366,0,0.693347226
1,0.081973104,1,0.985453483,-0.2433971705,1.012607731,-0.284093044,-0.6572982165000001,0,-0.0181024755
1,0.626668384,0,-0.678001164,-0.972325249,0.390496618,-0.701177342,-1.08801192,0,-0.0181024755
1,0.432748109,2,0.347049779,-2.995940088,2.792418108,-0.303609108,-0.590806904,1,1.117602815
0,-1.056176885,1,-1.220445981,0.284780855,0.771296356,0.363293587,-0.673756394,0,-0.0181024755
0,0.104156901,1,1.410288672,-0.30487236,-0.022843816,-1.214842016,-0.481835053,1,-0.0181024755
0,-0.092224359,1,-1.969599365,2.198727136,1.029936379,0.559582747,-0.6572982165000001,0,-1.352069767
0,1.372149166,1,-0.678001164,-1.851984145,1.022897396,0.063885817,-0.390994288,1,-0.0181024755
1,1.285015187,1,-1.048155206,-0.216295546,-3.108405255,0.425974692,-0.6572982165000001,1,-0.0181024755
1,1.594203174,2,1.012025621,-0.770809795,1.462546538,-0.44534985,-2.361969422,0,-0.0181024755
0,-0.903178382,2,0.422142986,-0.2433971705,-1.004890171,0.743394401,0.996355838,1,-0.0181024755
0,0.908240819,1,-0.678001164,-1.93779618,3.62556563,0.05638629,-0.6572982165000001,1,0.040462438
1,-0.19887949,1,-0.678001164,-0.195708743,-1.733722145,-0.115864846,2.444934727,1,0.192608419
0,3.284079778,2,-2.265528058,-1.722544075,-3.60092978608,0.244968918,2.75863936322,1,0.475321381
1,-0.083363545,1,-2.618178498,-0.2433971705,0.674126063,1.2610063,-2.006089655,0,1.198966706
0,-1.34382823,0,-0.678001164,0.259581556,-0.398709669,0.277150541,-0.6572982165000001,1,0.043550143
1,0.27552368,1,-3.144427122,-1.347514886,-2.172578996,0.86319958,-0.6572982165000001,1,-0.0181024755
0,1.674705228,1,1.366724411,1.110337113,-1.207052674,0.168592615,-0.981379902,0,-0.356839974
0,-2.288868593,0,-1.086018226,2.301200367,0.674126063,-0.201683364,0.1821569,1,1.254620197
0,0.561960776,1,2.659410576,-0.38442787,1.899811306,0.59556467,-3.239557375,1,-0.084214334
0,-1.028529721,1,-1.604281785,-0.307911807,2.605489481,0.109248011,-2.593805558,1,-1.15389016
0,0.733888646,1,-0.117234754,-3.0499761,2.196268651,0.363612204,-0.768926066,1,-0.033278466
0,0.667891907,2,0.560109968,-1.922051976,1.803584381,-0.589941172,-0.6572982165000001,1,0.498700806
0,-3.268613268,2,-0.678001164,3.181755317,0.869412226,0.556501854,0.959884788,1,-1.599505441
1,0.926048102,1,0.388502623,-0.698238677,0.510164322,-0.094444792,-1.391732684,0,-0.0181024755
0,-1.567262255,1,0.020355616,1.612719717,-0.734519508,-0.669417624,-0.032726601,0,-0.0181024755
0,-0.439314334,1,-0.930852136,0.424634679,-0.106519705,0.252780548,-0.6572982165000001,0,-0.0181024755
1,2.275777555,0,0.596095504,-1.152936937,2.489997535,1.34095769,-0.6572982165000001,0,1.011889758
1,1.24179414,1,-0.503819135,-0.410899069,1.140560052,-1.251313456,-0.462234716,1,-0.0181024755
0,-1.12763254,1,-0.678001164,-0.010678974,2.00743448,-0.604596804,-0.6572982165000001,1,0.198918883
0,0.694668127,0,-0.397257096,-0.2433971705,1.319509559,-1.767934487,-0.888302264,1,0.665023437
1,0.248181464,1,-1.421999812,-0.87106914,0.674126063,-0.867409376,-0.726726129,0,-0.156186352
0,-1.147503422,1,1.688543024,-1.085255428,1.340099312,0.067583267,-0.6572982165000001,0,1.918980706
0,0.78770721,1,3.0335400984299996,-0.694432053,1.9034029,-0.05208212,-2.199440116,0,1.369823571
0,-1.323268398,0,-1.163816302,2.526281654,0.762649742,0.042838337,-0.291279085,1,-0.543103378
0,0.127315328,0,-0.678001164,1.814518703,0.609038175,-1.232687009,-1.860189163,1,-0.723625128
0,-1.527819318,0,-1.295231924,0.884487089,2.058842573,-0.754620697,-1.484736158,1,-0.0181024755
0,-1.200285553,1,-0.678001164,-2.516958359,3.8354662202,0.123977708,-0.6572982165000001,1,-0.0181024755
1,2.832493707,1,-0.725358105,-1.289384746,0.627949508,1.210090024,-0.686911501,1,0.423512537
0,-1.468769461,1,-0.17428525,2.03790505,-0.02782855,-0.966501108,0.283164908,1,0.310713824
0,1.485511376,1,1.707453422,-0.470326578,0.674126063,0.85232129,-1.42694517,1,-0.288163596
0,2.335758782,1,1.16065112,-0.2433971705,0.674126063,-0.732149537,-0.6572982165000001,0,2.0757656279999996
0,-0.88053385,1,0.812923719,1.788629516,-0.866793052,-0.848279221,0.620528919,1,-0.456589092
1,1.078200242,1,-0.678001164,0.536228276,0.674126063,0.692692175,-0.6572982165000001,0,-1.077592872
0,-2.305419385,1,-0.909530604,2.587135107,-0.207226489,-1.08293249,0.775326613,1,-0.0181024755
1,1.506111925,2,-1.857807438,-0.779777989,0.06747212,0.132590558,-0.70781589,1,0.058148727
1,1.32489226,2,-0.641467422,-1.807661715,0.674126063,2.11136119416,-0.6572982165000001,0,-0.0181024755
0,-0.349288151,2,-0.678001164,-0.2433971705,1.180711407,-0.543539072,-1.095644372,1,1.313195861
0,0.081973104,1,-1.610093036,3.052301455,-0.105712995,-1.52475954,-0.6572982165000001,1,-1.11683061
0,-0.911061949,0,-0.678001164,-0.2433971705,-1.105352634,-0.89990764,-0.6572982165000001,1,-0.061153452
0,1.552076313,2,-0.678001164,-0.897231311,0.065985628,0.736029579,-0.6572982165000001,0,0.898503327
0,0.081973104,0,3.0335400984299996,-0.2433971705,0.674126063,0.042838337,-0.6572982165000001,1,-0.0181024755
0,-3.259878567,2,0.144079159,3.29604305803,1.285173138,0.353872899,-0.6572982165000001,1,-0.941869165
1,0.085241595,0,-1.334269225,0.096226163,-0.150090208,-0.74559957,-0.6572982165000001,0,-0.158002845
0,-2.561307021,0,-0.678001164,-0.2433971705,-1.294294413,0.555107927,1.5115848,1,-0.915548098
0,0.574578121,2,-1.673736057,-0.2433971705,0.865452624,0.4607003,-1.232573133,1,0.250604747
0,-0.24318132,2,2.272539549,-0.905066826,0.674126063,0.707958531,-0.417940725,1,-0.156532549
0,-1.578789243,1,-0.038240774,2.115203635,-0.648055669,-1.20227184,0.770448585,1,0.802033166
0,3.7514468424099996,2,1.759010221,-0.607281751,1.320439654,-0.030122444,-2.769139875,1,-1.049270676
1,2.683045578,1,-3.79643361652,-0.814636222,-3.60092978608,-0.115168095,2.75863936322,1,-0.125442954
0,1.695429411,1,-0.678001164,-1.190031979,3.164423975,-1.384692209,-1.595202336,1,-0.0181024755
0,-3.975438653,1,0.674271862,2.379177591,0.674126063,1.705251892,-0.6572982165000001,1,-0.320860249
1,1.01413685,2,0.374183443,0.648798074,-2.770342069,-1.202366989,-0.6572982165000001,1,2.0757656279999996
1,1.410738051,1,-1.156938843,-1.236994344,0.531087533,0.44283205,-0.6572982165000001,0,-0.121893641
1,2.075855397,0,-1.188536763,0.46304002,-3.60092978608,-0.322026353,-0.6572982165000001,1,-0.0181024755
0,-2.326245508,1,1.221554914,2.358024168,-0.031191494,-0.206703636,-0.942987217,1,-0.0181024755
0,0.674128592,1,-0.678001164,-0.973994929,2.899329836,-0.115081986,-0.6572982165000001,0,-0.0181024755
0,0.275578141,0,2.144773415,-0.840326257,0.686852998,0.251139393,-0.6572982165000001,1,-0.701832802
1,1.400780826,1,-1.621110316,0.632768335,-0.563514253,0.85179009,-0.6572982165000001,1,-0.345165009
0,1.206251476,2,0.128191113,-0.620482557,0.674126063,0.747744338,0.138826781,1,-0.29227534
0,-0.36205427,2,-2.579918519,-0.2433971705,2.300692769,2.11136119416,-2.590566275,0,-0.0181024755
0,-1.360325215,1,-0.970560487,-0.2433971705,1.218250297,0.248608618,-1.229881833,1,-0.079478187
0,-0.237847418,2,-0.133488955,-0.2433971705,0.773565437,0.080824709,-1.006204708,1,-2.2820823820799996
1,1.754851554,1,-2.449143131,-0.621553304,-3.60092978608,-0.251821389,2.239064743,1,0.374993366
1,2.740567225,1,-1.016354888,-0.2433971705,0.674126063,-1.25507953,-2.543269615,1,-0.0181024755
0,0.242045608,1,0.171194409,1.008649945,-1.865504613,0.083486159,1.025100135,1,0.204132407
0,-0.834656551,1,0.347252291,-0.018776542,2.782571717,0.305428027,-0.6572982165000001,1,-0.0181024755
0,-0.832705051,1,-1.367639443,1.159146094,1.589696815,0.207560821,-1.407795063,1,-0.0181024755
1,-2.017502132,1,-2.505625807,-0.117701051,-0.10473225,0.151335193,0.972298089,1,-0.0181024755
1,0.081973104,0,-1.199471922,0.159153019,-2.634419868,-0.539554569,1.814794374,1,-0.0181024755
0,-0.556518884,1,0.880141238,-1.968241494,3.756046066,-0.648296566,-0.6572982165000001,0,-0.0181024755
1,2.079250666,2,0.523632326,0.062107899,0.674126063,0.24464833,0.822341003,1,-0.0181024755
1,0.595745871,1,0.32144422,-2.268811306,2.999774804,0.864605402,-1.816986815,0,-0.0181024755
0,-0.512624523,1,1.662074404,-0.453079861,1.935612886,-0.152335593,-0.803037286,1,-0.0181024755
0,1.203566523,0,-1.424473199,-0.788213806,-0.337346043,-2.274062255,-0.474270409,1,-0.0181024755
1,3.7514468424099996,0,-1.520854905,-1.432009109,1.192821451,0.565863569,-0.814834664,1,-0.0181024755
0,0.081973104,1,0.866810852,-1.062524274,1.647117597,1.073464956,-2.290028378,0,-2.144817249
0,-2.60592795,1,2.03142648,-0.048708679,0.928388892,0.295628938,0.421930906,1,-0.0181024755
1,1.658150858,1,-0.701852726,-1.752913974,0.671409351,-0.971667907,-1.251498984,0,-0.0181024755
0,-0.734666815,1,-0.678001164,-0.2433971705,0.392390134,-0.142386965,-0.6572982165000001,1,-1.857439088
0,-3.543638692,1,-3.254173759,-0.2433971705,1.692047443,0.108276336,1.311392222,1,-0.0181024755
1,3.7514468424099996,1,-1.440516509,-2.663366518,1.760171303,0.323010725,-1.918836531,1,-0.0181024755
0,-3.11739567,1,-1.277083321,1.015456313,1.171743612,0.230966317,-0.6572982165000001,1,1.338376421
1,1.446478073,1,-0.678001164,-0.65153643,0.542807544,2.11136119416,-0.993524204,1,0.920349827
0,0.058988446,1,-0.678001164,1.072845239,0.674126063,-1.479795019,-1.38093271,0,-0.0181024755
0,-2.2904186,2,-0.678001164,2.245128899,0.807169799,-1.246845823,-0.203118139,1,-1.165541371
1,-0.841559268,1,0.1461575,-2.000668298,0.674126063,1.348448989,0.220181002,1,-0.0181024755
0,-0.719017373,1,-1.399966216,0.661053913,-1.415804076,2.11136119416,-0.6572982165000001,1,-0.504455655
0,-2.193771479,1,-3.79643361652,0.343637692,-0.384894334,1.673492755,1.411291978,1,-0.0181024755
0,1.536166624,1,0.261433569,-0.2433971705,-0.178021997,0.779534687,-0.6572982165000001,1,-0.0181024755
1,-0.955751161,2,-0.678001164,-1.204577194,-0.412013586,0.182964777,1.588214853,1,-0.49504347
0,-1.79142728,1,-0.476019486,1.476442733,0.674126063,-1.011491814,0.907358417,1,-0.0181024755
0,-0.723377798,0,-0.678001164,-1.517762556,-1.143994947,-1.097667996,2.75863936322,1,-0.0181024755
0,0.446403803,1,-3.79643361652,-2.172022464,-2.540623041,-0.630191094,2.522218491,1,2.0757656279999996
0,-2.194790078,1,1.810935035,3.29604305803,-0.015718213,-1.925823257,-0.153984481,1,-0.0181024755
0,0.677325393,1,2.133141872,-0.801317589,1.078058256,1.467883501,-0.598063588,1,-0.0181024755
0,0.081973104,1,-0.509995353,-0.989143218,2.695943844,0.144627939,-2.70011299,0,0.413916937
1,0.827844256,1,-1.308953047,-0.567696912,-1.235961811,-1.521341165,0.165126159,0,-0.259933716
0,-2.883354197,1,-0.106128315,1.80695106,0.674126063,-0.032691061,-0.6572982165000001,1,0.105255463
0,-1.092618417,1,-0.434828504,-1.026255478,2.309981816,-0.664772892,-0.6572982165000001,0,-0.0181024755
0,-3.552614959,1,-3.057232932,2.539583403,0.961578729,1.031360801,-0.498183431,1,-0.903463899
0,-0.238990261,0,-1.074736843,-1.425573121,2.263235943,1.512752285,-2.326115769,0,-0.0181024755
0,-0.998313122,1,-0.456066077,-0.788905333,0.674126063,1.044427964,-1.767615676,0,-0.0181024755
0,-4.0825242541,0,0.368488696,1.941939807,-0.550823112,-0.171324208,1.83527715,1,2.0757656279999996
1,1.097972194,1,-0.103855639,-0.069117206,1.013401366,-0.452282301,-0.6572982165000001,1,-0.0181024755
0,0.344029256,1,-0.895759644,-0.2433971705,-0.193656294,-0.648436449,-0.485375659,1,-0.0181024755
0,0.51859324,1,-0.813872518,-0.973976575,1.664718132,-2.33336867493,-1.357273411,0,0.992242134
0,1.149581744,1,-1.562737019,-0.391687825,0.932836146,-0.634822997,-0.6572982165000001,1,-0.418549688
1,-0.146427854,0,-0.678001164,-3.3730906939,3.8354662202,0.775575163,-1.228329599,1,-0.374029177
1,0.495551656,0,-0.678001164,-1.952244064,0.872143171,-2.33336867493,-0.6572982165000001,1,-0.506230373
0,-1.976178888,0,-1.006714422,1.866177073,0.028801494,-0.643295498,1.614337766,1,-0.920208052
0,-2.540168204,0,0.687143496,1.540854173,1.313424022,0.210779031,0.246851115,1,-0.0181024755
0,-1.606757828,1,0.607018949,-0.2433971705,-0.448963241,0.601185349,-0.6572982165000001,1,-0.738221429
1,-0.006727534,1,-0.908354985,-0.870459025,-1.518199876,-0.812805075,1.111609516,1,-0.0181024755
0,-0.039947375,1,-0.183096629,-0.2433971705,0.097757227,-0.366723764,-0.6572982165000001,1,0.912355112
0,-0.940284028,1,-1.920623554,-3.3730906939,1.733358536,0.221547502,1.443397358,1,-0.5912668
1,3.413736449,2,-0.927984004,-2.000901897,-0.489048657,0.178732194,-0.255923847,1,-0.0181024755
0,0.899216562,1,-0.678001164,0.075786227,-3.0094839,-2.101604307,1.326647203,1,-0.0181024755
0,2.668120703,0,-1.875517948,-0.895590302,0.051860466,-0.670518133,-0.704597364,0,-0.0181024755
0,-1.637184266,2,1.471561267,1.585420598,-0.08690752,-1.44612549,0.05057764,1,0.74071973
0,-1.536324165,1,-0.380985699,-0.338901243,0.674126063,-0.520251026,-1.419368311,0,-0.51629394
0,-0.289074699,1,0.571991006,-1.911033924,2.73638438,0.219041399,-0.996692574,1,0.852976019
1,0.379617104,2,-3.7279363,0.016382676,-2.496526892,-0.063284669,-0.6572982165000001,1,-0.0181024755
0,0.110474002,1,0.590163335,0.469981047,3.348818533,0.10345676,-0.96952836,1,-0.642925677
0,-2.492833809,1,-1.4601218,2.364349145,0.767948952,-0.19859294,-0.6572982165000001,1,-0.0181024755
0,2.208991913,0,-2.120333747,-1.042813653,-0.194125196,-0.096854806,-0.6572982165000001,0,-0.0181024755
0,-1.720371977,0,-1.107513719,-0.2433971705,1.405446714,1.316467933,-0.6572982165000001,0,-1.718395657
0,0.396821985,2,-0.678001164,-1.049237779,0.690797891,-0.832950123,-0.292130374,1,-0.0181024755
0,1.169628947,1,-0.678001164,-0.841248325,0.298608364,1.471556493,-1.296005071,1,-0.0181024755
1,2.268308901,1,-0.245744283,-1.255717318,0.722700724,-1.099836262,-0.6572982165000001,1,0.336043604
0,-0.798956252,1,-0.678001164,-0.2433971705,-0.390356761,2.11136119416,-0.6572982165000001,1,-0.0181024755
0,-0.285877072,1,1.781767942,-2.008062838,2.381432094,-0.343295563,-0.684834057,1,-1.148729656
0,-3.120381124,0,-0.753116391,2.418027549,1.073533811,0.549630923,0.353284132,1,-0.0181024755
0,0.081973104,1,-0.658485872,0.107879755,-1.820920881,1.225469173,-0.6572982165000001,1,0.090584741
0,-1.573823575,0,-0.678001164,2.741613102,-0.211626305,1.136515178,-0.174673174,1,-0.426576053
1,1.285401222,2,-0.678001164,-0.2433971705,1.541267541,1.381075507,-0.744021455,1,-0.431640775
0,-0.881691312,2,-0.678001164,-0.243718866,1.213253247,-0.018355919,-1.800506749,0,-0.041641704
0,-1.258611685,0,0.32095157,0.944162566,-0.662212273,1.361118117,0.147753282,1,-0.193521979
1,1.753650261,1,-0.678001164,0.072482457,-1.217887794,0.202022254,0.418332579,1,-0.0181024755
0,2.107030409,0,-1.13758821,-0.2433971705,0.940190448,0.250787301,-0.850534751,1,0.241077153
0,-0.731432958,2,-2.171688569,0.799475145,-1.696788668,-0.341802555,1.121281362,1,0.345890436
0,-1.492352706,0,-0.721917266,1.141305669,1.3274806,1.663541736,-0.6572982165000001,1,-0.0181024755
0,0.257030978,0,0.984527602,-2.903310181,3.8354662202,0.050957161,-0.6572982165000001,0,-0.0181024755
0,1.373390271,1,-0.965265705,0.488497779,-2.937942427,0.610079152,2.442712821,1,-0.503744436
1,2.199575129,1,-0.963095765,-1.682177205,0.891601404,1.095663404,-0.734014146,1,0.671070422
0,-3.134839172,0,-1.893969381,1.878959625,0.766446279,-0.450126396,0.745603918,1,-0.0181024755
0,0.081973104,0,-0.578575375,-1.791282928,0.737521781,-1.234106192,-0.850883512,0,-0.937937208
0,-0.36978663,1,-2.609261873,1.85584002,2.497122278,0.51949609,-2.250838017,0,-0.0181024755
0,0.081973104,1,-1.134813777,2.165597464,-0.207369789,0.92323193,-0.6572982165000001,1,-0.0181024755
1,-0.280405167,0,-3.168627574,-0.301400411,0.674126063,-1.747610871,1.983490456,1,0.282331754
0,2.216414917,2,-0.950078687,-1.136804446,-0.576435411,1.11779156,-0.6572982165000001,1,0.345507893
0,3.324711493,1,2.72228791,-0.2433971705,-0.209389137,-0.745932299,-2.198749596,1,-0.0181024755
0,-2.948554136,1,-0.611250114,-0.2433971705,1.223558246,-1.623667035,-0.6572982165000001,1,-0.578302253
0,-1.306635349,0,-0.56635663,0.624468627,-0.398639277,0.285101078,-0.6572982165000001,1,-0.0181024755
1,0.57967222,1,-1.823257354,0.362184896,-2.458232405,0.675475633,2.247155874,1,-0.0181024755
0,0.075425246,1,1.049208648,-0.32818307,0.674126063,0.144351008,-0.6572982165000001,1,0.246569732
0,0.792137856,1,-0.22485619,-1.456267676,1.42748684,0.648379913,-1.460596304,0,-0.0181024755
0,0.081973104,2,-0.820440734,-0.653949162,1.19034726,-0.368073551,-0.6572982165000001,1,-0.379216261
1,2.100449854,0,-0.483689298,-2.123317878,0.931808862,1.717126327,-0.6572982165000001,0,-0.0181024755
1,0.954312563,1,-1.067108532,-0.230524786,0.089659556,-0.635862568,-0.351981648,1,0.579505061
0,-4.081653934,1,-0.710217091,2.371800398,0.765831061,0.061896759,0.580121132,1,0.159430086
0,1.02370177,1,2.074661171,0.16256008,1.04222633,1.33599254,-0.6572982165000001,1,-0.0181024755
0,-1.157903621,1,-0.910968998,-0.2433971705,1.122167936,0.870299653,-1.334543461,0,-0.0181024755
1,1.650458772,2,-0.069922715,-1.677573337,1.546686803,0.556418715,-0.662839115,1,-0.0181024755
1,0.882821766,0,-1.090616264,-0.234296582,0.674126063,1.307627703,-0.896599336,1,-0.0181024755
0,1.111194154,1,0.393353762,-0.604256198,0.81492382,0.954227161,-0.6572982165000001,1,0.253798686
0,-1.219104422,0,-1.578533562,1.927184894,0.674126063,0.042838337,-0.6572982165000001,1,0.63254392
0,-1.206580662,0,-0.854132533,-0.2433971705,-0.581577283,-1.22227684,1.375223702,1,-0.984241443
1,0.881502125,1,0.222411775,-2.249319697,2.671928129,0.163383649,-3.060072991,1,-0.0181024755
1,0.312932712,1,-1.451329571,-0.2433971705,0.674126063,-0.369045548,-0.909757479,0,-0.0181024755
0,0.264545714,0,-0.678001164,-1.212556767,3.8354662202,-0.436574637,-2.393161358,1,0.473884525
1,1.468333169,0,-0.678001164,-0.2433971705,1.185528403,-0.055290775,-0.782745353,1,-0.0181024755
0,0.765373792,1,2.582735617,-0.459982091,-0.172675115,-1.697028721,0.603729135,1,-0.0181024755
0,-0.803541472,1,1.480883028,0.516588672,0.720844411,0.224254032,-0.6572982165000001,1,-0.365611523
1,2.896080531,1,-0.424421406,0.064283285,-0.205625292,-1.956474745,-2.509198809,0,-0.0181024755
0,-3.443722669,1,1.177354373,3.29604305803,0.841902984,-1.115946137,-0.6572982165000001,1,-0.270260666
0,-0.703935466,1,2.504920249,-1.938151682,2.385369972,-0.60909184,-0.6572982165000001,1,-1.148072378
1,0.649794977,1,0.980857828,-1.70832709,1.343858895,-0.696431681,-0.457885796,1,0.102461704
0,0.081973104,1,-1.683921187,0.220734679,0.288596616,0.507551623,-0.6572982165000001,1,0.303086675
0,3.7514468424099996,2,0.256957249,-0.2433971705,-0.786282418,-0.115513921,-0.6572982165000001,1,-0.837227154
0,0.359213141,1,1.829013342,0.717236339,-0.511567687,-1.305171561,-0.679248614,0,1.258437549
0,-0.593063321,0,2.956992982,-0.968666507,2.441818006,0.00619339,-1.933064647,0,-1.472883224
1,2.440075727,1,-1.001465316,-1.643429235,0.566079755,-0.178401566,-0.825644175,1,0.660086406
0,-3.739147567,1,-2.040326786,1.195727674,2.16121756,-0.503117094,-1.168916665,0,-0.0181024755
1,0.774670855,1,-1.314059405,-0.365422567,0.05882982,-1.567104104,-1.706559716,0,-0.0181024755
0,-0.173012182,1,-0.386359086,-1.952048696,3.574103849,1.464995804,-3.058495201,1,-0.158319321
0,0.728373847,1,-1.753696679,-1.15685264,1.242093701,0.272337931,-1.151111092,1,-0.0181024755
0,-4.0825242541,1,-0.678001164,2.475740187,2.609942893,0.686495055,-0.739653931,1,-2.000423807
0,1.578829285,2,1.903555727,-1.03825579,2.918389575,1.287384703,-0.6572982165000001,0,0.112151819
1,-0.711192364,0,-2.455115229,1.430102385,-1.847006957,0.056021401,1.537046194,1,-0.04202977
0,-3.17784825,1,-0.401722517,1.389987063,1.256986895,0.739545785,0.260410653,1,-0.0181024755
0,0.730441406,0,-0.678001164,-0.384522618,0.862068774,0.33818499,-0.114218796,1,0.453832151
0,-2.72223692,1,-0.543450934,1.990844346,0.534269919,1.921895618,0.572083733,1,-0.0181024755
1,0.255120782,0,-0.132364973,-0.2433971705,-1.837149071,-0.729685383,0.815334394,1,-0.215921733
0,0.479299455,0,-1.509380848,-0.2433971705,1.260760983,-1.368854487,-1.74222992,0,-0.165548895
0,1.091862293,1,-0.678001164,-2.7924625,2.454560966,-0.737512266,-2.286645658,0,-0.13440634
0,-1.449880417,2,0.764746724,2.714432032,-0.500702112,1.019995767,0.98303625,1,-0.0181024755
1,0.923400912,1,-0.678001164,-1.009281442,0.437667725,1.633812968,-0.596363073,0,-0.0181024755
0,2.972320098,0,-0.426171607,-2.112874001,0.659753347,0.622956464,-0.851255356,1,1.035092774
1,0.380885282,0,-0.977213569,-2.7929364,1.778712872,0.423215357,-0.6572982165000001,1,-0.0181024755
1,1.885122199,2,-1.272463027,0.195042147,0.137231902,-0.229939623,-1.720763161,0,0.771304273
0,0.806007238,2,0.875275185,-1.031062447,-0.349921473,-1.204227104,0.240515607,1,-0.0181024755
0,0.789598423,0,-0.941317742,-1.483419322,0.165919944,-2.197077142,-0.6572982165000001,0,-0.420168512
0,-3.360087154,1,-1.015145625,-0.319670107,1.618318691,0.925095935,-0.167039854,0,-0.0181024755
0,-1.951660107,2,-0.946351934,2.432789178,0.674126063,-0.293119038,-0.227491853,1,-0.0181024755
0,1.603149946,0,1.980947546,0.891154276,-0.409258253,0.042838337,-0.6572982165000001,0,-0.0181024755
1,1.362837744,1,-1.019628575,-0.977277469,0.880095394,-0.009335932,-0.757712626,1,0.398734126
0,-0.989572736,2,-2.25773904,3.204372435,0.000429881,0.197689074,-0.6572982165000001,1,-0.0181024755
0,-3.916983432,0,-0.937099208,1.081061778,1.920564403,-1.547919307,-0.6572982165000001,1,0.08739323
0,0.46054101,1,-0.678001164,-2.11770549,0.384599836,-0.784849006,-0.6572982165000001,1,-0.0181024755
0,-1.146579303,0,-1.396885235,-0.2433971705,0.895508487,1.073968351,-0.6572982165000001,0,-0.057985933
0,-0.581550235,2,-0.678001164,2.204136441,-0.523316402,0.366812215,-0.6572982165000001,1,0.191210068
0,0.121359862,1,1.825674676,-1.096429061,1.309985321,-1.594006325,-1.08195592,1,-0.0181024755
1,-0.011143458,2,-0.678001164,0.972478658,1.949792197,0.018258952,-0.6572982165000001,0,1.070170616
1,0.081973104,0,-2.778806415,1.791630116,0.144059945,0.455444451,-0.6572982165000001,0,-0.70918187
0,0.182895275,1,-1.621956348,-1.145066612,-1.640848643,-0.693639865,1.875560546,1,0.334515031
0,-3.903190969,1,-0.678001164,1.957693317,1.120983869,0.378432684,-0.6572982165000001,1,-0.515871894
1,3.7514468424099996,2,1.271200795,0.564421776,-0.511669026,1.283039362,-3.3122425218199996,0,-0.0181024755
0,-2.73333482,2,-0.678001164,2.442706001,0.58594231,-0.648911406,0.762288454,1,-0.870169351
0,0.081973104,1,-0.190095294,1.415185865,0.674126063,-0.116397867,0.418154715,1,-1.112480617
0,0.506455229,2,0.143428339,-0.98930791,2.618924824,0.147405828,-1.801616652,0,2.053880084
0,3.751145051,2,0.614444252,-1.826513095,2.814190976,0.245466529,-3.171162141,0,1.230014235
0,0.081973104,1,1.691926241,1.288318695,0.663172076,2.11136119416,-0.6572982165000001,0,-0.0181024755
1,0.019769642,1,-0.930025977,0.260411205,-0.25389099,-0.676974222,-0.6572982165000001,1,-0.0181024755
0,-0.343057894,1,-0.678001164,0.743548784,0.953831521,0.89689017,-2.415149803,1,-0.0181024755
0,0.933796004,1,-0.477935226,-0.89746326,0.674126063,-0.783792968,-0.877838044,0,-0.0181024755
1,0.081973104,2,-1.733820565,-0.054281955,1.038509667,1.504745446,-0.66112157,1,0.725604187
0,3.245577575,2,3.0335400984299996,0.116057472,3.8354662202,-0.138315299,-3.3122425218199996,0,-0.0181024755
0,3.254775913,1,-1.954406488,-0.2433971705,-0.62572662,1.146739902,-0.6572982165000001,1,-0.560967416
1,2.498269352,1,1.140358517,-0.399718628,0.674126063,-0.249223547,-2.78013955,0,-1.369062335
0,-1.915641032,1,1.272087381,3.200835706,-0.36846802,0.773396067,-0.6572982165000001,1,-0.0181024755
1,-0.106979105,1,-3.568037229,-0.553039906,2.025683193,1.499999085,-3.3122425218199996,0,-0.0181024755
0,-2.872691772,1,-0.021864942,1.359839079,-0.032986031,0.228269074,0.598903734,1,-0.0181024755
0,0.557642351,0,-2.859128015,-0.552082421,1.527788929,0.240882115,-3.123255177,0,-0.0181024755
0,-0.056477022,1,-0.251543585,0.394563608,0.158434389,-0.844787162,-0.6572982165000001,0,-0.0181024755
0,-1.606104438,0,-2.45942017,1.870502552,-0.722555542,-0.210890376,2.199543061,1,-0.0181024755
1,1.098590359,1,-3.523750921,-0.2433971705,0.674126063,-0.466118876,-0.6572982165000001,1,2.0757656279999996
1,0.081973104,2,-1.970183988,-1.814596049,-0.078387183,-1.163381421,-0.6572982165000001,1,-0.0181024755
1,1.679812303,2,0.095974472,-0.771540729,-0.44083149,-0.931017537,-0.6572982165000001,1,0.893790332
0,-2.940779841,0,-0.811625237,1.759913529,0.680756497,0.269932684,0.277796803,1,-0.0181024755
0,-1.024593225,1,0.67705884,-2.841215377,2.051116671,-1.227098042,-0.401067656,1,-0.716089502
0,-0.853647328,1,-2.07527533,-0.356857995,-0.843297395,0.708797467,-0.6572982165000001,1,-0.262090427
0,0.081973104,1,-0.294430547,0.539884298,-0.538601304,0.123708596,-0.247951979,1,-0.0181024755
0,0.081973104,0,-2.62771819,1.89976546,1.226748603,-1.037949185,-0.6572982165000001,0,-0.0181024755
0,-1.140556096,1,-0.678001164,2.509820634,0.905909367,0.247798043,-1.005753554,1,-0.0181024755
0,-1.003761179,1,-0.678001164,-1.336825791,3.452022004,-0.664324601,-2.339432337,0,-2.029102109
0,1.679164796,2,-1.425914773,-2.537315477,1.660201576,-0.452354946,-0.876617214,0,-1.695195019
0,-0.228435973,0,-0.350054837,-0.400925112,1.582202986,1.166801597,-1.754708816,0,-0.0181024755
1,2.107629979,1,-2.024060982,-1.222085308,0.370522755,-1.336846646,-0.6572982165000001,1,0.953332765
1,1.727025333,1,1.145909461,-0.42955318,-0.261423262,0.430282497,-0.102141894,1,0.311696909
0,-1.898041903,1,-0.678001164,2.57934205,-0.356275117,-0.501372044,-0.6572982165000001,1,0.473342174
0,-4.0825242541,0,-0.678001164,1.303935891,1.888979362,-0.840750803,-0.6572982165000001,1,0.890278412
0,-3.203744493,2,-0.556095727,2.018604738,1.248774872,-0.666590857,-0.6572982165000001,1,-0.0181024755
0,-1.39060121,2,-0.380413206,0.523689042,1.08168298,1.542018974,-0.423320573,1,1.466415897
1,0.509813628,1,-1.927695917,-1.967343726,1.501509528,-0.238311566,-2.372249643,0,-0.0181024755
0,0.248868936,1,0.817360893,0.06166805,-1.91668484,1.173669732,0.522343568,0,-2.2820823820799996
0,0.413766819,1,-0.572780633,-1.085637416,1.011487176,0.884154133,-1.295644259,0,0.439149113
1,2.964984721,1,-1.3802021,-1.492627967,-0.334390171,1.773069947,0.020029446,1,1.23103
0,2.082693836,1,-0.678001164,-0.178679002,0.674126063,0.79547051,-0.029611915,1,-0.0181024755
0,1.866543419,1,-0.804904358,-0.938773325,2.26356258,-0.552056387,-1.631523527,1,-0.0181024755
1,2.081976308,2,-1.435899654,-1.258688968,1.057422243,-0.441312419,-0.866268049,1,0.422395964
0,1.087333327,2,-1.962417462,-3.303638254,2.133167046,-0.92204826,-0.782658121,1,0.535217594
1,1.273533038,0,-2.450265956,-1.162685441,0.674126063,-2.33336867493,-0.572272738,0,-0.326954332
0,-1.043638455,0,-0.890732684,0.820186141,1.965323393,0.042838337,-0.6572982165000001,1,-0.0181024755
0,1.864005833,0,-2.475462354,-0.2433971705,0.674126063,-0.664612669,2.574448717,1,0.235065568
0,0.063606141,1,-0.678001164,-1.206378162,2.287501025,1.370021306,-2.339530232,0,2.062044807
1,1.133457021,1,-1.924298579,-0.374948179,-1.278219392,-1.523660727,0.322338866,1,-0.214177614
0,-1.456565763,1,0.048670901,3.29604305803,-0.824663377,0.663597408,1.2553285,1,-0.0181024755
1,0.649690067,1,-1.82347106,-0.2433971705,-2.582990505,0.409797457,1.665520732,1,-0.392904722
1,0.755779907,0,0.884179795,-0.041967985,-1.383755344,-0.239144017,-0.6572982165000001,1,-0.0181024755
1,0.081973104,1,-0.678001164,1.885171753,-0.994821668,-2.173938974,2.75863936322,1,-0.0181024755
0,-1.069259683,0,-2.948623832,-0.458843615,2.401044054,-2.33336867493,-0.6572982165000001,0,-0.021432726
0,0.960909448,1,-2.646840054,-0.605803476,-2.951251499,1.099797622,2.384226177,1,-0.0181024755
0,0.081973104,1,-2.107430943,1.948995256,-1.348866858,-0.806139872,1.328571145,1,-0.807269441
1,0.470568582,1,-1.001126314,0.903118598,-2.653529957,0.177673652,1.394052459,1,-0.0181024755
0,-0.731564126,0,-0.051985004,-0.2433971705,-0.934712241,0.782400342,0.231625831,1,-0.0181024755
1,0.205620003,1,-0.678001164,-0.486898532,-0.041103065,-0.127400816,-0.380113628,0,-0.0181024755
0,-0.455515462,1,-0.35134684,0.712892547,-1.394791261,0.699065553,-0.6572982165000001,1,-0.230862662
0,-0.896958859,2,-0.114390214,-0.757018301,3.13091792,-1.925700885,-2.137905927,0,0.29959051
1,1.468036717,2,-1.282108029,-2.002792803,1.735588597,-0.388729303,-1.939341436,0,-0.0181024755
0,-2.310938386,1,-0.004386184,-0.399012906,2.986543556,0.707786964,-1.670122877,1,1.642195787
0,-3.300468863,1,-0.678001164,3.29604305803,1.180740208,0.31132367,0.646519938,1,0.535136573
0,3.204304062,1,-1.781020074,-2.411029911,0.809463858,-0.589342266,-1.565372529,0,-0.0181024755
0,-0.921355354,1,-1.997854169,1.919086629,0.992993757,0.070783838,-1.059959372,0,-0.0181024755
0,1.338877683,2,1.648435103,-2.322823804,1.637638655,0.869122047,-0.6572982165000001,1,-0.0181024755
0,3.374937942,2,-0.678001164,2.385308869,0.674126063,1.461911832,-3.3122425218199996,0,-0.0181024755
0,-0.285322933,1,-0.376496508,0.131707189,1.76586715,-0.979286622,-0.862020187,1,0.805100158
0,-0.943837093,1,-0.678001164,-0.553254092,2.943950227,-0.377117254,-0.6572982165000001,0,-0.0181024755
0,0.401512207,2,-2.296207133,-0.2433971705,2.048124485,-0.24455408,-0.6572982165000001,1,-0.43419139
0,0.171123193,1,1.330374796,-1.239834989,1.445518873,1.220840417,-0.6572982165000001,1,-0.0181024755
1,1.301957389,0,-0.91616711,-0.410328016,-1.429436608,0.566398718,-0.214891341,0,-0.0181024755
0,-2.494311104,2,-0.882277891,-0.2433971705,0.492290188,-0.773978503,-0.00817543,1,-0.563568829
0,-3.202469371,1,0.939205893,1.276409254,0.674126063,-0.143389286,0.429893486,1,-0.0181024755
0,-0.041824186,1,0.390772969,-1.731076951,2.737667272,1.434257281,-2.221594985,1,0.112388661
1,0.709974526,1,-2.324622075,-0.346941579,-1.008400618,1.067858215,0.175066491,0,-0.0181024755
0,1.590061066,1,3.0335400984299996,1.500108776,-1.183776496,1.453616451,-1.253575483,0,-0.0181024755
0,-0.731449634,2,-0.437264406,1.160447289,0.57753741,1.116949896,-0.6572982165000001,0,0.392876043
1,0.408213618,1,-0.47333149,-0.2433971705,2.269728895,0.119251289,-1.883177781,1,-0.047503492
0,2.060436886,1,-1.626566192,-1.419289231,0.108097909,-1.068802412,-0.756089137,0,-0.675665572
0,-0.786086463,1,-1.274868627,1.819407996,-1.356696873,2.108572176,1.564523804,1,-0.0181024755
0,-3.636776695,0,-2.769439992,-0.145732334,1.501223553,0.838519892,0.865556104,1,1.83652664
0,1.2771478,1,-0.114302031,-2.297040005,0.674126063,0.042838337,-0.6572982165000001,0,-0.0181024755
0,-0.194349261,1,-1.435188272,-0.08480554,2.406110026,0.808142039,-0.6572982165000001,0,-0.0181024755
0,2.777122759,0,-1.007628775,-1.401908231,-0.717772902,0.042838337,-0.6572982165000001,1,-0.0181024755
0,-2.266441211,0,0.453126807,1.390257968,1.61396143,-1.208810498,-0.158710186,1,-0.038106853
0,-1.660578009,1,-0.94252163,2.146321001,-0.672534904,0.93859298,1.351005845,1,-0.0181024755
1,1.948215087,1,-1.43764485,-1.927388085,1.470185372,0.255944922,-2.09721561,0,0.206458347
0,-4.01549578,1,-1.764965659,-0.2433971705,1.990489211,1.043871072,-0.6572982165000001,1,-0.0181024755
0,1.306073075,0,-0.678001164,-0.2433971705,1.42531896,1.25351604,-0.6572982165000001,1,-0.372577944
0,-2.018707955,1,-0.260322311,-1.097093907,0.674126063,1.166015002,-1.938112564,1,0.419125764
1,2.277516794,1,-1.11335202,0.27521514,-0.686477792,0.042838337,-1.896582285,0,0.766803761
0,0.172042912,1,-1.04510945,1.850206794,0.66109007,0.091595169,-0.845138373,1,-0.745458101
0,2.002584751,2,-0.58033906,-1.344622956,1.372112368,-1.9551976,-1.267047454,0,-0.0181024755
0,2.514057788,1,1.80984164,-0.381775951,0.674126063,-0.403896506,-0.6572982165000001,0,-1.496149001
1,1.34290606,0,-3.38068031,0.748884838,-3.599451803,-0.602234024,2.75863936322,1,-0.0181024755
1,0.081973104,1,-3.63446159,1.201929234,1.068350672,-0.728012559,-2.39344266,1,0.70962821
0,-0.232865913,2,0.52786615,0.328585947,-1.304389946,1.275473229,0.627374619,1,-0.520504618
0,-2.560217145,1,-0.649434364,-0.2433971705,2.16490101,-1.367523136,-0.6572982165000001,0,0.986365197
0,0.809638806,2,1.219796258,-0.517999933,0.674126063,-0.528123375,-0.275046679,0,-0.107336908
0,0.583446284,1,1.436676402,-1.095543561,0.637007104,0.170672427,-0.6572982165000001,1,1.43130737
0,0.078704613,1,-0.008530338,0.01793693,-1.998304499,0.872992017,0.557949699,0,-0.0181024755
0,-0.222964027,0,-0.989712213,-1.482949247,1.927276431,1.960384013,-1.959072329,0,-0.0181024755
0,-1.451488088,1,-0.702828824,2.196228004,-1.0686758,1.198322117,0.982572074,1,0.614292317
0,0.635695253,2,-0.040926625,-1.098056624,1.889936732,0.44746548,-1.336725077,0,0.265063205
0,-0.61138049,1,-1.380409686,0.45247294,0.674126063,-0.261477492,-0.6572982165000001,0,-0.0181024755
0,-0.894453531,1,-0.441144317,1.688040879,-1.331621743,0.916346628,-0.6572982165000001,1,-0.0181024755
0,-0.177960907,2,1.002707961,-0.648741032,0.98126161,-1.115446425,-0.6572982165000001,0,0.360288961
0,-1.027189768,2,-1.934611974,1.65697131,-1.036801958,0.693022049,2.016525358,1,-0.0181024755
0,-0.485309151,1,-0.674464531,-0.767561626,0.674126063,0.539792627,-0.958414266,0,-1.51038854
0,-0.879303603,1,-0.678001164,-1.377542887,2.518444852,-0.535184005,-0.6572982165000001,1,0.171804459
0,0.026354589,0,1.39979461,-1.28727265,1.655353284,0.595404981,-1.486063217,0,-0.669922316
0,1.90599682,2,-2.778417853,-0.442164666,-0.17578825,0.113059891,-0.565259756,0,-0.0181024755
0,-0.17747758,1,-0.996200047,1.11226513,0.674126063,1.677183924,-1.25076673,1,-0.547106532
0,-0.242992641,0,-2.626907525,0.108252828,-1.638381773,0.839577644,-0.6572982165000001,1,-0.180386079
0,0.652173364,1,-1.535866002,-0.2433971705,0.674126063,0.938974383,-0.6572982165000001,1,0.384541749
0,1.975885259,2,-1.310152935,-1.167939668,-0.523807868,0.605882161,0.039777224,1,-0.419184074
0,0.837671299,1,-1.344948484,-0.2433971705,0.674126063,0.759871371,-1.039328462,1,-0.275789193
1,-0.003431634,1,-1.078310806,-0.661582065,-1.708155247,0.185749917,1.118548235,1,-0.0181024755
0,-1.795182536,1,-1.066345879,1.73575601,1.10899725,-0.414162105,-0.6572982165000001,1,-0.0181024755
0,-0.297938114,1,3.0335400984299996,0.832726385,-0.429699686,0.309502854,-0.53187779,1,-0.0181024755
0,2.801882875,2,1.787970112,0.072081728,0.674126063,0.198102734,-0.6572982165000001,1,0.212076684
1,1.305865789,1,1.679051466,-2.082116317,2.00686286,0.095000291,-1.140889559,1,-0.0181024755
1,1.715668927,1,-0.678001164,-0.561357402,-0.180308335,0.042838337,-0.139589644,1,-0.595978771
0,0.081973104,1,-1.710328971,0.726152497,0.674126063,-1.753043125,0.758130479,1,-0.0181024755
0,1.741333731,1,-1.31588419,-0.672340281,0.638680676,0.551413961,-0.599066221,1,-1.312264177
0,-0.632586342,0,-1.495804204,0.39851116,3.000114689,-0.536916859,-0.6572982165000001,0,-0.477824302
0,1.671007297,0,-0.464038173,0.202189108,0.184289829,-1.331301792,-2.185333126,0,-0.0181024755
0,-1.052137618,1,2.369992877,-1.023587637,0.217657895,0.03745939,0.395628997,1,-0.0181024755
0,-0.639569738,1,-0.489063108,-0.120705251,1.274541544,0.096767377,-1.38500811,0,0.744367584
0,-1.381741642,2,-2.172160514,0.522168043,-0.448007711,-0.668906937,1.79939853,1,-0.0181024755
1,0.096026391,2,-0.16883266,-2.481874868,2.631555002,-1.644106861,-0.6572982165000001,0,-0.0181024755
0,-3.141561816,1,-3.683444828,-0.167774468,0.869817325,1.329837176,-0.6572982165000001,1,-1.502589685
0,3.000916293,1,-0.678001164,-2.793738134,0.535995061,-0.455890858,-1.215614289,0,-0.036614586
0,2.383782603,0,-0.230142222,-1.789417305,0.674126063,-0.479451327,-1.026242896,1,-0.0181024755
0,2.076667313,1,-0.678001164,-1.41601853,-3.60092978608,1.266985742,2.75863936322,1,-0.774647517
1,1.007880739,2,-2.887363218,2.368143721,0.586983015,-1.574984445,-1.618588649,0,-0.0181024755
0,-1.308434608,1,-0.290965309,-1.882512966,0.674126063,-1.124228096,-0.175850262,0,-0.50295531
0,-2.632337568,0,-0.678001164,3.084047658,-1.036568952,0.977767885,1.158858802,1,-0.0181024755
1,-1.012208481,1,-0.991885844,-3.3730906939,0.674126063,-2.33336867493,0.951482117,1,1.844028579
1,2.492220148,1,-1.330647269,-2.48064117,1.635995076,-0.295674259,-1.15171122,1,-0.0181024755
0,-0.702618527,1,-1.169243479,2.443089299,-0.405044712,-0.485835189,0.010880297,1,-0.323175038
0,-4.0825242541,1,-2.494308243,-0.2433971705,0.489652262,0.707935974,0.456199224,1,-0.066210263
0,-0.881655505,2,-1.973771928,2.045068383,0.584252922,-0.057106433,-0.8050651,0,-0.939783153
0,0.096411649,2,-1.250402392,-0.980066749,0.263629042,-1.114835315,-0.699658455,0,-0.0181024755
0,-1.287575926,0,-0.173932187,-0.2433971705,1.177170504,1.150030301,-0.663589202,1,0.877446463
0,0.364357983,2,-0.269486034,-0.608867392,3.637450564,1.320353563,-0.6572982165000001,1,-0.0181024755
0,-2.043638343,1,0.325888701,0.954928092,1.038677676,-0.078740873,-0.6572982165000001,1,-1.332127097
1,3.517702336,0,-1.686428592,-2.678899191,1.481445801,1.337150446,-0.6572982165000001,0,0.946402265
0,2.173711079,1,2.631685685,-0.564522304,2.153204525,0.730848249,-0.6572982165000001,0,-0.0181024755
0,-2.00826856,2,-1.546970821,1.666208807,2.424935443,0.855063228,-1.364485939,1,-0.666367682
0,2.035075668,2,2.198486206,-1.350843084,1.830183632,1.413267426,-1.693475895,1,-0.0181024755
1,0.75763617,1,-0.678001164,-1.508696292,1.285249498,1.174237982,-0.6572982165000001,1,-0.0181024755
0,-2.123187986,1,-2.255714501,1.192666478,1.940384925,0.735098944,-1.612827159,0,0.217237479
0,-0.807738779,2,0.369025096,1.447162265,0.217853851,-0.153149641,0.126718634,1,-2.059496966
1,-0.178758526,1,-0.678001164,-0.489131138,1.583474246,-0.908255186,-1.533741044,0,-0.295349712
1,1.067392054,2,0.158263679,-0.2433971705,2.862980487,1.615008434,-1.822322795,1,-0.012728261
0,3.047718387,1,-1.906126102,-2.0353978,-0.12927643,0.979596224,-1.030140486,1,-0.0181024755
0,2.282207056,2,0.902344268,-0.549171837,0.861937219,0.948466202,-1.919978147,0,-0.264749102
1,3.010990225,2,-0.485349571,-3.142588372,1.734334383,-0.231627457,-2.157657491,0,0.877225103
0,-2.720839898,1,-2.917300822,-0.2433971705,0.768457776,0.615692358,1.665796909,1,-0.0181024755
0,3.167121978,1,-1.49660561,-1.933605175,-0.690199438,1.051324307,-0.6572982165000001,0,-2.2820823820799996
1,1.451318386,2,-0.678001164,-0.2433971705,0.356854547,0.114768833,-0.6572982165000001,1,-1.711905048
0,-2.052828706,1,-3.79643361652,1.769472142,0.674126063,-0.830136896,-0.6572982165000001,0,-0.0181024755
0,-3.536913693,1,-0.678001164,1.382340174,1.782407992,0.257458344,0.568058623,1,0.535879725
0,2.244296182,0,0.624561246,0.150448025,0.004973182,-0.455703152,-3.092480141,0,0.683918347
0,-2.67826067,0,-0.629322874,2.041862341,0.419687736,-0.408767463,0.320965138,1,-0.824963377
0,-0.443608238,1,-0.141582361,-0.456487069,1.727239673,-0.613033423,-0.6572982165000001,0,-0.0181024755
0,0.761961907,1,2.497939297,-0.382010366,0.47960022,-0.859749852,-0.6572982165000001,1,-0.0181024755
0,2.52090615,1,0.982507573,-0.380590642,0.817637657,1.178118944,-1.830008034,1,1.09591761
0,-3.108794825,2,-1.647992011,1.929906581,0.646735184,-1.580206276,-0.117846114,0,2.0757656279999996
0,-1.879559274,0,-1.653431174,1.803380092,1.305417825,-0.211267576,-0.6572982165000001,1,0.067950649
0,-1.934186985,0,0.70437388,2.901594819,0.000877165,-2.111866715,0.952302958,1,1.248178055
0,-2.888379537,1,-0.934690253,0.266965127,0.998052097,0.84327757,-0.6572982165000001,0,-0.0181024755
0,-0.140219355,1,-0.796349487,1.423151889,-2.210377547,0.042838337,1.320900094,1,-0.0181024755
0,-4.0825242541,0,-1.446952049,3.222054687,1.117391012,0.146396728,-0.6572982165000001,1,-0.145498035
1,1.784746543,1,-1.558863258,-0.885863396,-0.456932892,-0.473677796,-0.397028758,1,-0.0181024755
0,-1.947042981,1,-1.778173869,2.076655646,0.473257952,1.448373931,-0.6572982165000001,0,0.111424546
0,-1.427597212,1,0.558182525,-0.639670826,0.437774787,-0.23163426,-0.593194522,0,-0.0181024755
0,-0.858680847,1,0.207464192,1.718586983,-0.910798357,2.07275516,1.397542732,1,-0.0181024755
0,0.673069054,1,-0.678001164,-0.2433971705,2.197453166,-0.235510086,0.358321378,1,0.329220943
1,2.401349362,1,-1.786510771,-1.010861736,-0.376025609,1.033069105,-0.34012847,1,-0.0181024755
1,0.053223346,1,-0.172442788,-0.603058814,0.674126063,0.181915766,-0.138313658,0,0.049100159
0,0.081973104,1,-0.973597777,1.139092444,0.674126063,-1.250904282,-0.621569274,0,-0.897101835
1,0.326733524,1,-0.318050957,-3.3730906939,2.683603272,0.503964932,-0.151828361,1,-0.0181024755
0,-0.539470311,1,0.488765669,-1.35135119,3.127481314,1.321391865,-2.456561186,0,-0.0181024755
0,0.081973104,1,-0.678001164,-0.655652056,-0.790491983,0.033337127,0.333214406,1,0.678533116
0,-2.237584376,1,-1.392583377,1.229848168,0.100927476,-0.96679546,-0.6572982165000001,1,1.091147464
0,-1.557774119,1,-2.451745784,1.896563277,1.067165116,-0.724908292,-1.136491128,0,-0.454360643
0,1.158942683,2,-0.678001164,0.497699329,-2.921902489,0.944695357,2.407201395,1,-0.0181024755
0,-0.622564827,1,2.558759431,-1.782090784,3.261387032,0.258457519,-2.708269504,1,-0.0181024755
1,1.61207559,1,-1.083874163,-1.714775021,-0.002923178,-1.806835124,-0.853807785,0,-0.0181024755
0,1.43993835,0,-0.678001164,-0.531002424,0.014838192,-0.546565093,0.239793883,1,1.983511551
0,-0.953509604,1,-1.511478111,-0.2433971705,1.152671324,0.190656636,-0.991532587,0,-0.0181024755
1,0.081973104,1,-2.62630752,-1.465280269,-3.436493901,-0.173733106,1.781233919,0,-0.0181024755
1,2.923654759,1,-1.410046864,-2.641440635,-1.2707804,0.670353064,-0.6572982165000001,0,1.197542678
0,-0.322592043,1,2.322645887,-1.367606524,1.396853043,0.779471817,-0.282055611,1,-0.0181024755
1,2.824989264,1,1.068417682,-2.112482735,3.419630904,-0.19681831,-0.6572982165000001,0,0.794953368
0,-1.63821265,1,-0.520819505,0.506076769,2.071762621,0.32577184,-0.6572982165000001,1,-1.921159582
0,-0.501188441,1,1.97182703,-1.726991641,2.730722379,0.223816786,-0.6572982165000001,0,0.823426613
1,1.420207938,0,-1.702251123,-0.877741278,0.243666036,-0.758945829,-0.471536424,0,-0.798889363
0,1.70206929,2,2.717023833,-0.299465664,1.453414021,-0.248237673,-0.6572982165000001,1,-0.86874531
0,0.446859751,1,-0.678001164,0.455926656,2.464833726,1.669808815,-2.684259603,0,0.347034828
1,2.471790282,1,-0.678001164,-0.934403582,1.973956206,-0.591147931,-3.043601621,0,0.63813978
1,0.573748338,1,0.071635539,-3.015762603,3.8354662202,0.267861587,-0.6572982165000001,0,-0.126605978
0,-2.311753768,1,-1.596430612,1.422299839,1.501191096,1.197699607,-0.990428021,0,0.686751174
0,-0.393266696,1,-0.678001164,-0.801930402,2.714410932,-0.047868485,-2.361897396,0,-0.055003844
0,1.687096698,0,-2.081509519,-0.839446279,-1.005215645,0.202172163,-0.6572982165000001,0,-0.725781108
0,-0.856549627,0,-0.785406205,3.25323625,-1.497694371,-0.15340204,1.764162952,1,-0.0181024755
0,3.387628645,0,-0.165771195,-0.2433971705,1.200614512,-0.429519921,-3.282628884,1,1.627650097
0,3.186682414,2,-1.427045721,-0.931170384,0.516248444,-1.345979063,-0.406528366,1,1.09159194
1,1.862987255,1,-1.954341768,0.07983492,2.071881521,0.089441009,-3.095019385,0,-0.0181024755
0,0.081973104,1,2.031272281,-1.757703205,2.292681718,-0.285676059,-1.142177095,1,-1.311084178
0,-4.0825242541,1,2.180406785,2.59469097,2.613698957,1.717811537,-1.723816159,1,-0.0181024755
0,-0.619047936,1,0.388995463,-0.452325519,-0.920867646,0.902183375,-0.6572982165000001,1,-0.0181024755
0,0.828140886,1,-0.678001164,-1.681041198,0.676842775,-0.20704219,0.019125078,1,-0.0181024755
1,0.687957532,0,-1.010585035,-1.141641876,1.418160135,-0.048330017,-0.6572982165000001,1,1.372233971
1,0.081973104,1,-1.031146064,-1.793775248,1.445244785,-0.172466761,-0.6572982165000001,0,-0.0181024755
1,0.686395479,1,-1.670244196,-0.814024841,-0.435248669,0.0547865,-0.6572982165000001,0,0.454094018
0,0.349625331,1,-0.678001164,1.830266741,0.674126063,0.082878791,-1.275987935,1,-0.0181024755
0,0.381233143,1,-0.65033526,1.28531869,-2.567169538,-0.528473218,1.354095905,1,-0.0181024755
0,1.137049406,1,-0.678001164,-1.862864131,2.153691071,-0.603706045,-0.6572982165000001,1,-0.0181024755
0,-1.28699425,1,1.062641376,-1.79450911,2.133982163,-1.114298974,-0.40454274,1,-0.0181024755
1,-0.222729486,1,-3.79643361652,0.554531108,-2.013122588,-1.049884895,2.75863936322,1,-0.876134882
0,0.610277795,2,0.859405673,1.445337124,-1.451029535,1.836186865,0.614113727,1,-0.0181024755
1,0.390605262,1,-2.85322766,2.586735317,0.674126063,0.734589791,-1.253166603,0,0.91819411
0,-0.866591812,1,-1.635962604,0.503078422,2.286162594,-1.726623445,-0.6572982165000001,0,-1.715562449
1,0.815719066,0,-0.805138327,-1.536480134,2.038925584,0.042838337,-0.6572982165000001,0,-1.305555714
1,2.314040681,1,-0.433778563,-1.297881067,-0.317622792,-1.111043202,-0.6572982165000001,0,-0.0181024755
0,1.702395636,0,1.094137683,0.301169778,0.674126063,0.499443367,-2.070745456,1,-0.788997658
0,0.491212516,1,2.642409259,-1.345770544,2.291037809,0.430503284,-1.362117602,1,0.969984449
0,-0.543890592,1,-2.482150538,1.05986237,-1.566247601,-0.027836049,-0.6572982165000001,1,0.626657044
1,0.717558046,2,-1.833677685,-0.88742002,0.061892705,-0.404708427,-0.6572982165000001,0,-0.0181024755
1,1.402169219,1,-0.678001164,1.094113647,0.203197969,-1.424660399,-0.6572982165000001,1,-0.0181024755
0,-2.535221205,1,1.330198813,3.295814022,0.700294835,-0.157621547,0.803518312,1,-0.0181024755
0,-0.970457145,2,-0.678001164,-0.2433971705,0.714062561,0.092594859,-1.004272442,0,-0.0181024755
0,-0.484615289,1,1.164527612,0.302226215,-0.913872858,0.353828837,0.635221302,1,0.918084741
0,1.647589703,0,2.395617731,-0.092589681,0.606517311,0.501345095,-0.6572982165000001,0,-0.977065589
0,-0.396233934,1,-2.900792972,0.732663857,-1.973771101,-0.269133419,-0.6572982165000001,1,-0.498866045
1,0.259844656,1,-1.256659471,0.235504216,-0.235799912,-0.19435218,0.179970964,1,-0.837970735
0,-2.90846652,1,-1.670743664,2.991050685,0.143573036,-0.774571222,1.004034775,1,-2.127778729
0,-0.694117109,1,-1.173837356,1.309351202,-1.282738354,-0.847773786,-0.6572982165000001,1,-1.175020163
0,1.815810034,1,-0.678001164,-2.124948828,2.562824598,-0.274271499,-2.037310009,1,-0.0181024755
0,0.366740296,2,0.974914915,-0.094886788,1.542255564,-0.778218785,-1.260596556,1,-0.647542227
0,0.902867939,1,1.523301815,-1.51336678,2.793916703,-1.344392732,-2.486463658,0,-0.0181024755
0,2.7891758,2,-1.221597805,-0.824490189,-1.250718124,0.511679521,0.197787018,1,-0.0181024755
1,1.93144699,1,0.76027757,-1.63632687,2.276264701,-0.623811964,-2.83426517,0,1.456768526
0,-0.984035632,2,0.458717418,0.282874876,0.913923208,1.001525326,-0.39698276,1,1.158507252
1,0.994649999,1,-0.641363808,-0.2433971705,-0.023292746,0.142881513,-0.144396309,1,-1.3173074
0,-0.183714673,1,-2.061089522,0.131947156,0.674126063,-2.028485602,1.756611955,1,1.448973342
0,1.80284679,1,-1.455208385,-0.393488781,-0.623428505,-0.319982912,0.311257715,1,-0.0181024755
0,-0.632354034,1,-0.979165649,1.768666573,-1.678161946,1.450917392,1.491333951,1,-0.0181024755
0,0.472515989,0,-0.903978816,-3.3730906939,0.674126063,-0.099069034,-0.6572982165000001,1,0.757690684
0,-1.137316498,2,-0.153101301,-0.2433971705,-0.357961128,0.096825494,0.12326229,1,-0.0181024755
0,-3.377429504,1,0.444309967,-0.2433971705,0.095147511,0.095440019,1.198344417,1,-0.0181024755
1,1.914899938,0,-1.17443946,-1.996977343,2.138691676,-0.675719456,-1.9415127,0,-0.0181024755
1,0.318139279,1,-0.152533753,-0.2433971705,1.864968177,0.306389503,-1.238347809,0,-0.0181024755
1,0.081973104,1,-1.580257861,1.296794668,-2.378267749,-0.710430235,1.693794906,1,-0.0181024755
0,-2.386208413,1,0.304124529,1.73585568,-0.23983083,-0.653118963,-0.6572982165000001,1,0.050677418
0,0.475062923,2,-1.549731164,0.66747791,0.769979139,-0.789123277,-1.660171517,1,0.076378979
0,-0.898956185,1,2.482519998,-2.550920315,3.691215239,-1.4524923,-0.6572982165000001,0,0.2166566
0,0.608010301,1,-0.678001164,-0.938581312,0.152915979,0.453098492,-0.846990841,1,-0.0181024755
0,-0.182981377,1,-2.550689704,1.588787692,1.708789663,0.363993418,-1.915027455,0,0.69165765
0,-0.935255764,1,3.0335400984299996,-0.303540937,0.307613753,-1.110227854,0.927609924,1,-1.226551029
0,1.859565947,1,-0.678001164,-0.2433971705,1.097391569,-0.036917951,-0.6572982165000001,1,0.188061028
1,1.476481453,1,1.370121474,-1.995523601,1.874710238,-0.467729971,-0.6572982165000001,1,0.206494323
0,2.188188797,1,0.828279999,-0.494754514,1.832696901,-0.000159408,-3.3122425218199996,1,1.382323627
1,-0.392986395,2,-2.732977193,0.845432802,2.064373851,-0.384068185,-0.6572982165000001,1,-0.0181024755
1,1.774202889,0,-0.678001164,0.272949154,-3.60092978608,-0.340107626,2.75863936322,1,-0.0181024755
0,-2.322532922,1,-0.678001164,3.096564181,-0.135594871,-0.501800881,0.214410235,1,-0.0181024755
0,-1.551183391,2,-0.250374189,-1.372300771,-0.094388044,-0.844854668,1.77655939,1,1.704417895
0,-1.348136115,1,-0.346461961,-0.2433971705,0.674126063,0.448220627,-0.408940831,1,0.245278764
0,1.874563673,1,-1.758016098,-1.325055154,0.510412388,-0.481690421,-1.229113842,0,-0.0181024755
0,0.081973104,2,1.073653492,-1.002510905,2.71737392,-1.149186057,-0.6572982165000001,0,0.54911415
0,-2.082422608,1,-0.145692419,2.818208634,-0.169903911,-0.453183135,0.630078182,1,-1.194948097
1,0.081973104,2,-0.678001164,-2.124338055,0.900103492,0.584984356,-1.382787402,1,-0.0181024755
0,0.280390238,1,-0.449961192,-0.513263297,2.004210634,-0.254044319,-1.311866414,1,0.594557632
1,-0.483622172,1,-0.678001164,-2.111232791,0.674126063,-0.527636558,-0.144202487,1,-0.0181024755
1,2.647895414,1,-1.690523857,-1.68090758,0.353322929,-0.405446694,-1.03086626,0,-0.171922564
0,-0.535358836,0,1.916387397,-0.413875857,0.978190213,0.246939226,-1.120765641,1,-1.183695662
1,-0.220929015,0,-0.084704502,-0.2433971705,-1.382453216,-0.710264751,-0.6572982165000001,1,-0.0181024755
0,-0.877117348,1,-0.678001164,-1.233102945,0.502835007,0.61115315,0.627693931,1,-0.0181024755
0,-1.730729865,2,-0.937765941,3.224629114,-0.736672998,0.947647829,0.973863503,1,-0.0181024755
1,0.781917153,2,-1.643366671,-0.809002014,-0.763564843,1.080921012,-0.108633974,0,-0.365809691
1,0.819262807,1,-0.678001164,-1.378469381,0.123200905,1.43048517,0.180851674,1,-0.0181024755
0,-4.055925353,1,-0.678001164,1.9139914,1.532849462,-1.167682105,0.20300161,1,-0.215685253
0,0.081973104,1,-1.120082561,2.303158439,-0.245896536,0.789341441,0.115586434,1,-0.0181024755
0,-0.583846036,1,-0.263321517,0.002077552,0.524972007,-1.067791494,-0.6572982165000001,0,0.128171682
1,-0.103954704,0,-0.851791803,-0.267386462,-1.464202836,1.117695699,1.6084827,1,-0.0181024755
0,-0.426230898,1,-0.525664544,1.501497419,0.217505777,0.06024717,-0.374752827,1,-0.746206544
0,-0.354953417,2,-3.487057029,3.222981867,-1.219412486,0.497792766,-0.509569054,1,-0.521225287
0,-1.931273457,1,-1.209747569,-0.927944681,0.674126063,0.401493065,1.061253478,1,-0.618870489
1,-1.753361288,2,-0.678001164,0.24451063,-0.020292158,-1.253159596,-0.6572982165000001,1,-0.0181024755
1,2.877531046,1,-1.196601402,-1.491802099,0.775939945,0.331323333,-1.36774333,0,-0.867946282
0,-0.775053477,1,-3.091278139,0.542667566,0.674126063,-0.605994146,-0.6572982165000001,1,2.0757656279999996
0,-2.764641544,1,-1.479658343,1.116018608,2.595999429,-1.219839895,-1.485443838,0,-0.726208741
0,0.081973104,2,-1.205641796,2.856272917,-0.63834218,-0.510522879,-0.6572982165000001,1,-0.0181024755
0,-0.720797994,1,-3.796337979,-0.918374318,-1.098576846,-0.109004862,-0.6572982165000001,1,-0.0181024755
0,-3.008534248,1,0.626028281,-0.2433971705,0.674126063,0.524861446,-0.566999477,0,-0.0181024755
0,-0.222596413,2,-0.394781666,0.550797315,0.955060625,-1.678799614,-1.152386377,0,-0.538964872
0,-0.23703745,1,-0.678001164,0.254512558,-1.531536576,-0.718872015,0.965377671,1,-0.0181024755
0,-0.094974456,0,-0.117761669,-0.905567987,2.090818537,0.776344149,-0.6572982165000001,1,0.399659108
0,-0.651637684,0,0.150262943,-0.666057424,2.82787707,-1.287773901,-0.6572982165000001,0,-0.0181024755
0,1.670479072,2,1.375291976,-0.125941904,-0.06773867,0.511120637,-2.165300291,0,0.665488055
1,0.557191255,1,-1.95253014,-0.764601645,-0.980496929,-0.568222032,-0.6572982165000001,0,-0.0181024755
0,0.995915226,1,1.24539264,1.396733927,0.674126063,1.500680962,0.795455011,1,-1.619982096
0,0.081973104,0,2.11136731,-0.067006988,1.69209873,-1.122276389,-0.6572982165000001,1,0.092172949
1,1.442671633,1,-1.232623603,-0.2433971705,0.797133703,-0.799757711,-1.189246668,1,-0.0181024755
0,-1.626841074,2,-0.160353012,1.754349575,0.90896439,0.791439115,-0.080010018,1,-0.0181024755
1,2.318377192,1,-0.678001164,-0.746656605,1.492695054,-1.140111184,-3.310648845,0,1.439779196
0,-2.630613623,1,-1.963695186,1.95767347,0.674126063,0.630643881,-0.999016029,0,-0.293107776
0,0.062559049,1,-1.703339013,-0.050913811,-1.001748423,-0.518089197,0.329320638,1,-0.0181024755
1,0.934920183,1,-3.1681186,2.022084682,-0.597416785,1.963302083,-0.6572982165000001,1,0.426804564
0,0.48172597,2,-1.234993125,0.340083819,1.244836507,0.741860557,-1.984520895,1,-1.871608665
1,2.70551189,2,-0.678001164,-0.98460872,0.085522726,-0.844366339,-0.6572982165000001,1,-0.0181024755
0,-1.979791605,1,-1.533312493,1.579552324,1.154033251,0.042838337,-0.73144798,1,-2.047744208
0,1.362587543,0,1.772945779,-0.2433971705,1.529535354,-0.244875957,-1.628860828,1,-0.627266989
0,2.862937533,1,-0.678001164,-2.324825454,0.454543853,-1.24554375,-0.6572982165000001,0,-0.859826659
0,-3.244667855,1,-1.396299046,-0.2433971705,0.674126063,1.550126691,0.668460521,1,0.486191826
0,-1.86084202,2,-1.848212419,-0.2433971705,-0.396061078,-0.214636059,-0.6572982165000001,1,-0.0181024755
0,-0.755811413,1,-0.678001164,0.378010995,0.674126063,-0.804602909,-0.987974863,1,0.724529198
0,-1.994778905,1,-1.184522504,0.946518115,1.613147008,0.33667788,-1.095450986,0,-0.0181024755
0,-1.579999712,1,0.792361843,1.954258172,-0.26342726,0.049179884,-0.6572982165000001,1,-0.0181024755
1,1.154770123,1,-0.678001164,0.625599643,1.316495704,0.943090013,-2.760374373,1,-0.85272553
0,1.53139233,0,-2.718125423,-1.595724603,-0.469149871,-1.10474364,-0.829740243,0,-2.2820823820799996
0,-1.967160761,1,1.04873828,-1.022608007,2.802766201,0.926960411,-1.455134262,0,0.165710456
0,3.228647414,1,-2.74763511,-2.201157394,-3.60092978608,-0.177148398,2.686008801,1,-0.71519181
1,1.50391865,2,-1.130455456,-1.098672128,0.674126063,-0.699188624,-1.226141291,1,-0.0181024755
0,-2.521175458,1,0.496739338,2.185814671,0.747350396,1.200105975,-0.6572982165000001,1,-1.941111116
1,3.171421536,0,0.324490482,-2.684144301,3.02202629,-0.107351581,-0.6572982165000001,0,-0.725826519
1,2.099718819,1,0.409516297,0.102149551,-0.544081916,-0.585896715,-0.855165957,0,-0.0181024755
1,1.377657251,1,-0.303671931,-2.959277719,1.570381961,0.023828292,0.048161385,1,-0.0181024755
0,-0.342480389,1,-1.216354996,-2.328863479,2.019248794,0.112851551,-0.598264433,1,1.01486115
0,-0.591019405,1,-0.737366645,0.945472214,-0.647837107,0.842217906,-0.229133499,0,-0.0181024755
0,-1.592447496,1,-0.417641853,0.65740828,1.583786094,-0.740280376,-0.6572982165000001,1,0.183013756
0,-1.085395332,1,-2.515537161,1.405107047,-1.061682046,0.337542761,-0.6572982165000001,1,0.448155188
1,-0.764050006,0,-0.678001164,-2.687339629,0.674126063,1.492908843,0.776106609,1,-1.140116521
1,1.76237044,1,-1.908757463,-0.2433971705,-0.208603132,0.465324073,-2.0437833,1,-0.272078774
0,-2.917994739,1,-1.002280529,-0.2433971705,1.617212101,1.195905923,-0.6572982165000001,1,-0.0181024755
1,1.558882944,2,-1.141136163,-1.44492979,0.956140857,-0.862727357,-0.6572982165000001,1,-0.0181024755
1,0.947910777,0,-1.363420158,-0.2433971705,-0.160377283,-1.040160707,-0.348849661,0,1.06459537
1,1.38008305,2,-0.235376818,-0.2433971705,2.481967843,-0.377879135,-0.6572982165000001,1,-0.644734451
0,0.126715191,1,-0.678001164,-0.2433971705,0.059223953,1.588303319,-0.08777415,1,0.813994135
0,1.8149903,1,-1.872971715,-1.120783361,-1.548966633,0.336370352,-0.6572982165000001,1,-0.0181024755
0,-2.459063953,1,-0.678001164,1.797533341,0.674126063,0.678685134,-1.867975826,0,2.0757656279999996
0,0.301858562,1,-1.974268349,-0.2433971705,-0.538801607,-0.807677994,-0.6572982165000001,0,-0.0181024755
1,0.853009255,1,-0.678001164,-1.189193881,2.085032732,-1.060634848,-1.183237649,1,-0.0181024755
0,-0.502187793,1,1.160267758,0.157724171,0.289096819,1.10470611,-1.375959414,0,-0.0181024755
1,0.439048662,1,-1.234961602,-3.3730906939,2.025086146,0.042838337,1.657786753,1,-0.0181024755
0,-0.244979062,2,0.710273829,-0.665605252,2.822670826,1.377946463,-0.6572982165000001,0,-0.168200194
0,-0.820885803,2,2.82957386,-0.795138505,0.56403346,1.50063941,0.628988386,1,-0.636613035
0,-1.343622711,1,-0.934268345,0.378075545,-0.516535188,-0.769970802,-0.6572982165000001,1,0.641485517
0,-2.68769913,1,-0.678001164,-0.2433971705,0.800412657,0.267699858,1.529814045,1,-0.0181024755
0,-1.90055872,1,-0.226530177,0.607769359,1.627986876,-0.646671107,-0.931248005,0,-1.673706459
0,2.752396392,1,3.033036559,-0.2433971705,3.665612771,-2.33336867493,-3.3122425218199996,1,-1.775807382
0,0.2933682,2,0.053183665,-1.173912493,0.674126063,-1.766082276,-0.6572982165000001,0,-1.299910594
0,0.520436595,1,-1.445493404,1.564392291,0.074772175,0.616807677,-0.913829665,0,-0.0181024755
1,0.247066637,2,-0.797061017,-0.056556686,0.03354336,0.210193853,-1.248474921,0,-0.993954596
1,0.900056287,1,0.313220521,-1.236939453,1.054950768,0.607792131,-1.06653903,1,-0.0181024755
0,-0.720602324,1,-0.886306554,0.877411744,0.107324082,-0.417934898,-0.6572982165000001,1,-0.436283444
0,0.452142337,2,-0.678001164,-1.490361211,-0.008460895,1.775599172,-1.211712654,1,-0.0181024755
0,0.081973104,1,-0.072064639,0.681152148,0.487380672,-0.007789587,0.783043471,1,-0.0181024755
1,0.582405134,0,-0.958741313,0.043600709,2.209159568,-0.751503216,-2.358560431,0,0.377209261
0,-0.388320599,0,-0.202037486,-0.997898275,2.46709423,-1.325672903,-2.214889475,0,1.233744959
0,-1.736957609,0,-0.954683289,-1.689788975,0.674126063,1.065035319,1.628809959,1,-0.057739543
1,0.753599304,1,-1.212442862,0.316896932,0.674126063,0.177367375,1.804282008,1,1.124031275
1,2.356933862,1,-2.664934597,-0.465487585,-3.60092978608,-0.896711396,2.75863936322,1,1.919731072
1,1.514248704,1,-0.957900009,-2.514621976,0.989055533,0.228161134,-1.836014544,0,-0.404965763
0,2.106896752,0,-0.678001164,-0.675903876,1.917715598,0.891039898,-0.6572982165000001,0,-0.0181024755
0,-1.12155131,2,-0.678001164,2.233878018,-0.954966265,-0.753914876,-0.6572982165000001,1,-0.0181024755
1,0.081973104,1,0.564313711,-0.606131384,0.326360753,-2.158430485,-1.990801763,1,0.534853047
0,-3.52865048,1,-1.615897703,0.474073066,1.629939345,0.573402036,0.474039473,1,-0.321282776
0,1.751280371,1,2.164134897,-0.905338687,0.674126063,0.169124559,-2.331308408,1,0.125313626
1,0.081973104,1,-2.474787436,-1.761324225,0.674126063,-0.318468669,-0.6572982165000001,1,0.35702947
0,0.112557755,0,-0.678001164,0.04426157,-2.183095048,0.8453261,0.339678235,0,-0.57647194
1,1.361754388,1,-0.516590136,-0.936921035,1.346248727,-0.454542037,-0.860367996,1,-0.700981086
0,-0.804699504,1,-0.678001164,0.968149312,1.47449298,1.157171062,-0.6572982165000001,1,0.14690089
0,1.495671494,2,2.144126957,-2.734213742,3.835028149,-0.367220771,-1.823107952,1,-0.0181024755
0,2.461866433,0,-1.923948096,-1.386097338,0.591266005,1.210292247,-0.716948022,1,0.037660034
0,-3.635875287,2,1.425260823,3.29604305803,1.209209226,0.750414662,0.325157202,1,0.526597688
1,2.620068637,1,-1.229647614,-3.373021828,2.407254147,-1.949666974,-1.242874274,1,-0.290974015
0,-1.136345442,0,2.029540119,0.626210695,0.674126063,0.564807081,-0.49758157,0,1.069233542
1,1.751468432,1,-2.116346563,1.181688378,-3.60092978608,-0.755959214,2.173472794,1,0.517973977
0,-2.466766196,2,-0.382953802,1.390099476,0.484364925,1.381002817,-0.6572982165000001,1,0.7357758
0,0.634985184,1,-1.98378489,0.739816572,-0.82503087,-0.091104957,0.607718277,1,-0.0181024755
0,-0.557267338,2,-0.324531408,0.001573874,0.35132519,-1.032154554,-0.534946282,0,-0.0181024755
0,2.182418777,1,-0.678001164,-1.446865313,0.56342179,1.10624695,-0.715340644,0,0.883380374
0,-1.425985607,0,1.82808746,-3.3730906939,3.8354662202,-1.172069035,-0.6572982165000001,1,-2.047524341
0,2.768660163,0,2.112112495,-0.827173425,2.777276947,-1.071060456,-3.3122425218199996,1,-0.206288566
0,0.081973104,1,-0.507324527,-1.543876511,2.621861823,-0.281082207,-0.6572982165000001,0,-0.0181024755
0,0.081973104,0,-1.053016833,2.251597874,-0.594166631,-0.56533391,-0.6572982165000001,1,-0.968616215
1,0.143013407,1,-0.678001164,0.691123554,-2.003789411,-0.184563845,1.85083469,1,-0.155711025
0,1.260870923,1,-1.241443783,-0.630377702,0.603156427,-0.007170435,-0.760072873,0,1.254873881
0,-4.0825242541,1,-0.229020782,1.559239713,2.0926105,0.591446622,-0.6572982165000001,0,0.130064044
0,0.053053314,1,2.502419748,-0.695937207,1.038538958,-1.129075853,-0.907475562,1,-0.0181024755
1,1.752163369,1,-0.14435742,0.382983329,-0.442399252,0.002416208,-2.073423629,1,-0.0181024755
0,0.081973104,1,-0.674670379,-1.354137642,0.526940023,2.11136119416,-0.584857122,1,-0.346351136
0,-0.152588803,1,-0.678001164,0.57603387,2.488884432,-0.427736243,-2.073939148,1,0.235054864
0,-3.894127748,1,-1.135694461,3.29604305803,-0.721650145,0.60592073,-0.6572982165000001,1,-0.0181024755
1,2.239171525,2,-2.167218444,-0.61513477,-0.146444383,0.946909215,-0.210084742,1,-0.142098364
0,-0.28015012,1,0.237450767,2.106409036,-0.878987459,0.189041679,0.581231914,1,-0.0181024755
0,-0.962020059,1,1.65975234,2.60696633,-1.099649322,0.533445178,0.206563366,1,0.341657089
1,-1.024520041,0,-2.910769259,-0.505820708,0.674126063,-1.002808445,1.334185957,1,0.399733389
0,2.267546026,1,3.0335400984299996,-1.264024302,3.8354662202,-0.544781314,-0.6572982165000001,0,1.620253335
0,1.573283372,1,-0.678001164,-0.664466761,0.674126063,0.042838337,-0.937606729,0,1.275070399
0,0.248694984,1,0.931161375,2.361140929,-1.888220262,-0.923294471,1.788257114,1,-0.0181024755
0,1.476271909,0,2.724703611,-0.529533229,0.694495974,0.840785802,-1.26406435,0,-0.0181024755
0,-2.300367864,0,-0.113608264,2.41138035,0.674126063,0.467499688,0.529429918,1,0.513139246
1,2.110621116,1,-1.769529904,-1.398453115,0.674126063,0.894548874,-1.633594004,0,0.112931775
0,0.487951432,1,2.898368808,-0.527596996,1.473070738,1.656572174,-1.381376585,1,-0.0181024755
0,0.373767174,1,1.704133398,-2.096003865,0.674126063,-1.69377573,-0.82014639,1,-0.0181024755
0,-0.748627574,1,-0.678001164,-0.243075475,-0.18796965,2.055941362,-0.312386345,0,-0.557414996
0,-2.387860609,1,-1.082636255,1.396762783,0.311821107,-1.347701519,1.143236374,1,0.583809489
0,-3.027954843,0,-0.678001164,2.315626425,1.230076888,-0.571138478,-0.262205882,1,0.276090126
0,0.746474433,0,-0.678001164,-1.579367132,1.56920791,0.226020897,-0.6572982165000001,1,-0.79438783
1,1.227450265,0,-1.859348324,-0.960188629,-3.010112983,0.496556897,2.202850313,1,0.171391267
0,0.147115513,1,-0.518198746,-1.119071805,2.160758593,0.042838337,-1.974820279,0,-0.0181024755
1,-0.037124425,1,-2.114549805,0.352338605,0.674126063,-0.894972944,-1.750917169,0,-1.609002465
0,2.84182179,0,-0.678001164,-1.996831273,-1.480243441,-1.043882166,-0.575219838,1,-0.0181024755
0,-2.838641032,1,0.941735401,0.193963341,0.489020289,1.430977449,0.369357298,1,0.160356503
0,0.068863201,1,-0.678001164,0.454432886,-2.000989612,0.490834335,1.475848055,1,0.521427563
1,1.197051373,2,-0.565517983,0.003262369,-0.531252461,-1.747127224,-1.426370954,0,-0.123164749
0,-0.833101514,1,-0.783723266,-0.5789294,1.877524793,0.246408782,-1.427372713,1,-0.0181024755
1,3.108670414,1,2.205395236,-0.838538868,2.084342259,-1.516418156,-3.244635155,0,-0.645537999
1,1.33861832,2,-1.638648634,-0.594286596,-0.435612079,1.404379449,-0.324232219,1,0.177185957
1,1.02659557,1,0.956289836,-1.454262999,2.94647729,0.738990364,-1.538126288,1,-0.0181024755
0,-2.927737528,2,1.407072238,3.29604305803,0.64406761,1.238322399,-0.6572982165000001,1,-0.0181024755
1,-0.646704869,1,-3.311837486,-0.712836666,-1.228786619,-1.272123714,2.411440382,1,0.485658369
0,0.081973104,1,-3.066190132,1.624097156,-0.242426767,-0.730618729,2.64962447,1,-0.653229767
1,0.387033534,1,0.576067091,-0.2433971705,1.636486923,-1.364334288,-0.935987447,0,-0.756111477
1,0.922110188,1,-0.678001164,1.066115691,-0.113385909,-0.915646394,-1.764407541,0,-0.0181024755
1,0.403080654,1,-0.678001164,-0.2433971705,0.538379636,0.247390907,-0.6572982165000001,1,0.286417147
1,1.082311344,1,-1.742680685,-0.993106365,-1.656871113,-1.156693368,0.949999917,1,-0.0181024755
0,-0.48554303,2,-1.35529212,0.664238431,1.696035941,-0.274370546,-0.6572982165000001,0,-1.009815026
0,-1.22702054,1,-1.530729648,0.548895146,2.113127944,-0.351130498,-1.933613266,1,-0.963363729
0,-0.605147645,1,-0.64298457,0.249679073,-1.285756862,-0.32319075,-0.6572982165000001,1,0.592661622
1,1.138700732,1,-0.672118861,-2.56704498,1.027862486,0.619184768,-2.074692226,0,-0.0181024755
0,0.365551535,1,-1.01331277,-0.166396373,-0.501038238,1.641311068,-0.033800847,0,0.577702327
0,-1.714339866,0,-0.151710021,0.273499662,1.462844335,-1.994050157,-0.6572982165000001,0,1.27652504
0,-1.873213023,1,-0.228398852,-0.615471033,2.764082206,0.172091872,-1.926045359,0,0.809136342
1,-0.562914685,2,-1.325335812,0.124826621,-1.204596526,0.326881906,-0.6572982165000001,1,-0.0181024755
0,-2.060284032,2,-0.159437135,1.126644951,1.682006599,-1.012977589,-0.653474863,1,0.212483519
0,3.7514468424099996,1,3.0335400984299996,-0.2433971705,0.927210198,1.202455953,-3.3122425218199996,1,0.470933812
1,1.146596993,1,-0.249554999,0.616429112,0.435972859,0.810482992,0.167494675,1,-0.0181024755
0,1.419122533,2,-0.998652369,-0.768070942,0.935756252,0.361860493,-0.825263009,1,-1.972583943
0,-0.337414795,0,-0.278574027,-0.2433971705,-0.90909653,-0.791686469,-0.6572982165000001,1,-0.0181024755
1,2.333835227,1,-0.678001164,-1.781155253,2.081368806,0.026576031,-1.835715872,1,-2.2820823820799996
1,0.081973104,2,-0.678001164,0.813685334,0.674126063,-0.284646583,2.516996634,1,-0.0181024755
0,-2.862946663,1,-0.678001164,-0.2433971705,0.360795934,-0.681075128,-0.182082208,1,-0.0181024755
0,1.01892372,2,2.073078171,-0.647271699,0.554991284,1.769763783,-1.778950698,0,-2.135925212
1,2.797494913,0,1.064848061,-0.267896854,0.674126063,0.58739951,-1.569477227,0,-0.0181024755
1,1.061472903,0,-0.844462427,0.158845394,-2.680979875,-0.159255844,2.092479386,1,-0.0181024755
0,-1.196025751,1,0.744306245,0.181873846,1.601383243,-1.411371318,-0.652790438,1,-0.0181024755
0,-2.564087164,1,0.641566557,-0.2433971705,0.674126063,-1.000881464,0.18374953,1,-0.0181024755
0,-1.736968101,0,-1.328605785,0.772454296,2.054017642,0.751102051,-1.52330055,1,0.395858547
0,1.3422843,0,-0.288171136,-1.132411928,1.841127335,-0.945127508,-1.779715098,0,-0.0181024755
1,1.770380656,1,0.795438897,0.291806957,-0.643697137,0.08900586,-0.6572982165000001,0,-0.0181024755
0,-0.31150214,1,0.143888974,-0.76202122,0.674126063,0.936295372,-0.6572982165000001,1,-0.377736092
0,0.081973104,0,-1.529714994,1.588009533,1.910925232,-0.994476957,-0.960937059,1,0.243358271
0,0.799134558,1,0.535457027,-1.81534765,2.724961833,1.289729805,-0.6572982165000001,1,-0.0181024755
0,-1.488231426,1,-2.195507751,2.487327066,-1.087439024,-0.294409035,-0.6572982165000001,1,-0.0181024755
0,0.224449021,1,-0.678001164,1.328302852,0.422226198,1.852877905,-0.6572982165000001,1,0.528396653
1,0.081973104,1,-3.016481587,-0.439351325,-0.967582268,0.370264949,-0.6572982165000001,1,-2.2820823820799996
1,0.498956426,2,-3.79643361652,-0.770032966,-2.738176541,1.586107588,-0.6572982165000001,1,-0.0181024755
1,0.685525262,1,-1.137719404,-0.970626895,1.115899149,2.11136119416,-1.039740555,0,0.579625644
0,-0.33135745,0,-0.678001164,-3.3730906939,2.835583694,0.822378913,-0.6572982165000001,1,-0.0181024755
1,0.081973104,1,-2.107368949,-0.2433971705,-3.486684264,-0.197856485,-0.6572982165000001,1,-0.0181024755
0,0.880843449,1,1.680789299,-0.2433971705,2.990252134,-1.161356746,-2.170790594,1,-0.0181024755
0,0.081973104,1,-0.451497559,-0.2433971705,1.28960467,-1.652349607,-1.603786189,0,0.617393229
0,-1.038451737,1,-1.291174934,1.078317776,-0.855567264,0.74194277,1.40463566,1,1.544583919
0,-1.049411139,0,0.030163809,1.321395828,0.030142312,-0.439267236,0.073280632,1,-1.368708678
0,1.646990255,1,0.33805487,0.85805852,-0.155387237,0.042838337,-2.536076013,1,-0.0181024755
0,-3.033427698,1,-2.207917082,2.167602311,2.163842104,-1.171147191,-0.6572982165000001,0,1.154088809
1,3.7514468424099996,2,-2.596157981,-3.3730906939,1.080807094,-0.245955961,-2.191833429,1,-1.037524068
1,3.7514468424099996,1,1.686275232,1.449733953,0.674126063,1.158512844,-3.159765494,0,0.897749086
0,0.047509774,1,-0.146057181,-0.2433971705,-1.938917504,1.136693777,-0.6572982165000001,1,-0.409918796
0,-0.633738019,0,0.537164199,-0.2433971705,-1.702252008,0.790623264,0.852129095,1,-0.295362414
0,0.906526114,1,-1.550376322,-0.2433971705,0.196217584,-0.425707522,-0.899723195,0,-0.0181024755
0,-1.397219434,2,-1.938754306,-0.284773624,2.013168741,-0.726658439,-2.356679635,0,-0.324645538
0,-1.091648851,1,-0.678001164,-0.352216415,0.674126063,-1.143500512,-1.818923407,0,1.66825084
1,0.081973104,2,-0.678001164,-0.2433971705,0.604310239,0.48307291,-1.5441926,0,0.385067983
0,-1.299206426,1,-2.625728621,2.165630365,0.979046168,1.29521818,-1.252653128,0,-2.2820823820799996
0,0.203408519,1,-0.491495169,1.698180616,-0.853460857,-1.351569653,0.141632272,1,-0.176499392
1,3.095312755,0,-0.560704009,-1.363344693,1.137265622,0.01154167,-0.6572982165000001,0,-0.109204942
0,0.067739479,0,-0.678001164,-0.932998549,2.338533105,-0.115684118,-2.51608894,0,-0.450786169
0,-2.006744556,0,-1.160536478,1.78392618,-0.298867452,0.126113749,-0.6572982165000001,1,-0.0181024755
1,0.622402595,1,-0.001671421,-1.314224694,3.036172555,0.609927457,-0.6572982165000001,0,-0.0181024755
0,-0.303701962,1,-0.48120889,0.759381024,-1.568176072,-0.723882627,1.491046096,1,-0.0181024755
0,2.472197352,1,-0.678001164,-2.023565628,2.5384328,2.11136119416,-2.630798186,1,0.329933538
0,-3.487233374,1,-2.839583913,1.152760289,1.139976803,0.622340099,-0.6572982165000001,1,-0.15966508
1,1.18743571,1,-1.784544358,0.481067366,0.082532036,1.869448344,-1.788063231,0,-0.0181024755
0,-0.851220819,1,-1.594675484,0.998389356,1.415532087,0.507836264,-1.388415886,0,-0.700888403
1,1.187342392,1,0.61371321,-2.401007141,2.122225381,1.678603857,-0.6572982165000001,0,0.939610398
1,0.312854622,1,-1.419335657,1.136934841,-0.737232618,-0.103037674,0.822338405,1,2.07524274
0,-0.280774383,1,-0.678001164,2.009177955,-0.03443339,0.213484945,-0.6572982165000001,0,-0.0181024755
0,-3.372530277,1,-2.623592026,1.264465109,0.674126063,-1.031984871,1.530096021,1,-0.0181024755
1,0.837400338,0,-0.678001164,-1.119850037,0.203304304,0.042838337,-0.917200544,1,0.390081625
0,-2.038899068,1,-1.299787182,1.941526308,0.589210799,0.53440017,-0.303797447,1,-0.607209873
0,1.557406844,1,-0.678001164,-0.463280444,-1.375165091,-0.635354866,-0.048131508,0,-0.0181024755
0,-2.566360205,1,0.071847683,-0.074820002,0.69168042,0.580994872,-0.618347016,1,-0.754307363
0,0.081973104,1,-0.678001164,1.355865556,-1.941529671,-2.33336867493,1.209023124,1,-0.0181024755
0,-2.289153925,1,-1.548289108,0.312249169,0.642405166,-1.044662004,1.335906074,1,0.705838059
0,-0.346856833,2,2.869178717,0.552053872,0.687813672,0.124372403,-1.719990463,0,-0.0181024755
0,0.608216754,1,1.434884591,-0.2433971705,0.270056829,1.396905456,-0.023452943,1,-0.0181024755
0,-2.582543469,1,-3.144479614,1.449898145,2.813890904,0.006104773,-2.104766969,0,-0.0181024755
1,-2.289137717,1,-2.475176441,-0.150171732,0.376764381,-0.288475589,-0.6572982165000001,1,0.863417004
0,0.12357401,1,0.42387049,0.902353692,0.674126063,-0.22977949,1.019762495,1,-0.0181024755
0,0.610081055,2,1.898807267,-2.143493135,2.2761233,1.319236039,-0.6572982165000001,1,-0.0181024755
1,1.636906783,0,-0.678001164,-2.062355993,1.695174923,-1.329550422,-1.903942605,1,-0.0181024755
1,1.657381673,2,0.872282536,-1.272628922,1.154268696,0.863063389,-1.523905837,0,0.442177302
0,-0.417908682,1,-0.344186724,2.06855752,-1.988807566,-1.11797419,0.540917357,1,-0.0181024755
0,-1.184805021,1,-0.678001164,0.86373646,0.345056068,0.374352646,-0.385844715,1,-0.0181024755
1,3.139130551,1,1.264614163,-0.2433971705,3.8354662202,-0.911383364,-0.6572982165000001,1,-0.014772225
0,-2.460215436,1,-0.678001164,1.63675722,0.241055201,-0.077607393,0.755826252,1,-0.600223007
1,0.429999177,1,-0.678001164,-1.208939567,2.010010709,2.111256388,-2.094712598,1,-0.0181024755
0,-0.532795312,1,-0.953449641,1.000873215,0.674126063,0.066463937,1.334983001,1,0.80083366
0,-1.240878424,1,-3.79643361652,0.434951612,-1.06141018,-1.856117784,2.758564545,1,-0.253200903
0,2.082899679,1,-0.00010364,-0.449424078,1.510663602,-0.118725426,-0.6572982165000001,1,-0.0181024755
1,1.698915693,0,-1.079811042,-1.638916944,1.401012874,-0.453869952,-1.639488988,0,1.14752076
1,-0.318992832,1,-3.79643361652,0.807497426,-1.965425978,0.483579173,-0.6572982165000001,1,1.073302657
0,-0.901237583,2,-1.307364325,-0.2433971705,1.469261228,-0.503843772,-1.500614214,0,0.245510639
0,-1.172278355,1,-0.684195488,-0.567123859,-0.611463744,1.058737981,0.198786793,0,0.835021613
1,-1.106925281,1,-2.673372592,0.248722697,-1.039241021,-1.251618352,1.720774876,1,-0.0181024755
0,0.506936121,0,0.699053826,0.890713292,-1.995655954,-0.998278693,0.715936629,1,-0.87283736
0,0.019155458,0,-2.553084602,1.870519578,0.674126063,2.098501009,-0.6572982165000001,1,1.781768437
0,-0.954543786,2,-2.9262853,0.673936272,-1.268409292,-0.350547337,1.903416908,1,-0.0181024755
1,1.861349976,0,-2.237523366,0.805338182,0.674126063,-1.992066355,-2.309559609,0,0.548729438
0,0.046069227,1,-0.624161597,1.127727422,-0.551176948,-0.440211158,0.803507343,1,2.0757656279999996
0,1.164250164,1,-0.924909915,-0.2433971705,1.658198785,0.600864957,-0.724830152,1,-1.123629982
0,-3.774778625,1,-0.678001164,0.962846267,1.987247645,1.597060385,-0.6572982165000001,1,0.628846595
0,0.081973104,1,-3.177106461,-2.051776037,-0.744450123,0.539139016,2.719524608,1,-0.0181024755
0,-0.033382369,0,-0.541040273,-1.245003234,0.674126063,0.328226656,-3.06217439,1,-0.0181024755
1,0.086314466,0,-0.660444927,-1.01993017,1.095647298,-0.323647815,-1.127313155,0,-0.738055885
0,0.081973104,0,-1.613857631,0.946585001,-0.178927049,1.289258998,-0.6572982165000001,1,0.82491679
1,0.445997829,1,-1.450181265,-0.691808726,0.389023419,-0.309446165,-0.6572982165000001,0,-0.0181024755
1,3.7514468424099996,0,2.557787129,0.499604022,0.027072211,-1.026304848,-3.025684802,1,-0.0181024755
1,2.740703314,1,1.192257464,-0.529611104,1.804784133,0.028679175,-3.096931504,0,0.19473138
1,1.881098313,2,-0.672078882,-2.637734597,0.674126063,0.077524009,-2.939754124,0,-0.0181024755
0,-4.0825242541,2,1.859031518,3.29604305803,2.28151928,1.025561827,-0.682794188,1,-0.0181024755
1,0.717451608,2,-0.556941607,-0.282334281,0.832783722,-1.092208702,-0.6572982165000001,1,-0.0181024755
0,2.642668504,1,1.421020903,-0.729277642,2.056836629,1.689173185,-0.6572982165000001,0,-0.0181024755
1,1.137596562,1,-0.678001164,-0.496423296,0.322212193,-0.817844405,-0.079445416,1,-0.0181024755
0,1.342520538,0,-0.678001164,-2.383592819,2.693956926,0.940903324,-1.581302494,0,-0.32993934
0,-0.833919297,0,-1.704568119,1.223425585,0.474801924,0.364645001,-1.052293399,0,-0.0181024755
1,0.986754719,1,-0.678001164,-2.079403043,0.695752893,1.39666174,-0.6572982165000001,0,-1.246523999
0,-1.899844688,2,0.551208005,1.210711922,1.142246128,-0.645996347,-0.053101916,1,-0.172391828
0,1.228171739,0,2.496001172,-0.367505604,0.460905307,-0.085482652,-0.6572982165000001,1,-0.0181024755
0,1.540870324,0,-1.130562258,-1.332565686,1.567325936,-1.204927393,-0.6572982165000001,0,-0.0181024755
1,0.781793321,1,-0.051577748,-1.081198597,-0.748638517,0.042838337,0.858121735,1,-0.397165355
0,-1.046274761,1,-0.321816718,0.283627879,-0.696642922,1.666816131,0.533626061,1,-0.863466706
0,-0.019878509,2,-0.678001164,-0.2433971705,1.99881755,1.295232708,-1.426193267,1,0.125148555
0,-1.398301988,1,-2.357205272,2.133554812,-0.431191761,-0.142123916,-0.453682591,0,-0.065505352
0,-2.550787735,0,0.044152044,0.254852063,1.544209283,-0.491386882,-0.73897538,1,-0.0181024755
0,-1.348705261,1,0.37206035,-0.524656253,0.268451159,-1.131164679,-0.530078318,1,-0.0181024755
1,0.807944985,1,0.465052579,-0.577818196,-0.396098784,-0.768472677,0.112156751,1,1.072388906
0,2.61449298,1,1.494267127,0.064209042,-0.450473938,0.826933776,-0.633254081,1,0.762251984
0,0.35488678,1,1.625523615,-0.277521813,0.883999433,-0.387774093,-0.6572982165000001,0,-0.0181024755
0,-0.506749907,1,0.137572516,0.530289192,-1.221685368,1.665988967,-0.6572982165000001,1,0.537325145
0,-1.120805986,1,-0.678001164,-0.2433971705,0.674126063,0.565189174,-0.6572982165000001,1,-0.0181024755
0,-3.251748139,1,0.424425222,2.220748321,1.358931299,0.827617944,0.134710629,1,-0.0181024755
0,-0.094737865,1,-0.456745645,1.05168543,1.04024221,-0.960463566,-0.997878885,1,-0.0181024755
1,1.277835663,1,-1.252070386,-1.079792649,-2.79300069,0.563110103,1.930552092,1,1.665398827
0,-3.16608635,1,-1.477656558,2.293628245,1.0411137,1.131325637,-0.6572982165000001,1,-0.0181024755
0,-0.452800267,1,-0.980664169,-0.143497033,0.765840067,-2.333192805,-0.668321967,1,0.076788927
0,-1.902347881,0,-1.467873904,2.689983768,1.120093534,0.988515609,-0.373188349,1,-0.0181024755
1,2.740773649,1,-0.678001164,-1.019098042,-0.597526237,-1.988001562,-0.192145111,1,-0.0181024755
0,0.375027198,0,1.168680386,-1.648326077,0.850056012,0.479277125,0.179045423,1,-0.0181024755
0,0.468603455,1,1.555695662,-0.2433971705,2.086270585,-1.719536994,-0.6572982165000001,0,-1.546670276
0,-0.294382672,1,-0.325132756,0.055123635,0.643521084,-0.113313724,-1.0137298,0,0.487699547
1,2.287224129,1,-0.708690351,-2.382026706,0.674126063,-0.838696075,-1.799163885,1,0.574479727
1,-0.36797384,1,-2.272733972,-0.2433971705,0.674126063,-0.171287415,2.004434236,1,-2.2820823820799996
0,0.081973104,1,2.991178152,-1.992377217,1.974605246,0.57843719,0.249940296,1,-1.422129478
0,-1.151493917,1,-0.678001164,2.061995606,0.674126063,-2.33336867493,2.414397985,1,-0.79360135
1,0.893488937,1,-1.502901567,-0.603223699,0.70838058,0.019271095,-1.076715068,1,-0.083847433
1,2.147316193,1,-1.621738349,-0.2433971705,0.685587059,-0.759106728,-0.6572982165000001,1,0.026669677
1,0.638203082,0,-1.597514464,-0.2433971705,0.208166858,0.338481568,-0.689710047,1,-0.0181024755
1,0.452892331,2,-0.678001164,-0.240723925,0.674126063,-0.232932238,-0.155051992,1,-0.0181024755
0,-1.133725403,2,1.103369743,2.763429368,-1.001523723,1.823857669,0.628645782,1,-0.0181024755
0,1.095559888,1,-0.678001164,-1.923509609,0.314176336,-1.217316754,0.086428364,1,-0.940529737
0,-1.395063149,1,-1.925809206,1.762447594,-0.848468306,0.151177212,1.750503447,1,1.195762901
0,2.207907953,2,-0.803058011,-1.376707961,2.404433548,0.233381408,-1.592193658,1,-0.0181024755
0,-0.012279351,2,0.726766115,-0.638918512,-0.617629308,0.042838337,-0.424877316,0,-0.593297004
1,-0.283953138,1,-0.678001164,-1.241152472,-0.236168266,0.554930647,-0.6572982165000001,1,0.393729005
0,-2.766637746,1,-0.772083274,1.791057568,0.410369484,-0.33276476,0.24425005,1,-0.0181024755
0,1.57663284,1,-0.678001164,0.688348968,0.674126063,0.735092723,-0.6572982165000001,0,2.049278404
0,-0.822691978,1,-0.163789269,-0.2433971705,-1.177442715,-2.245251045,-0.6572982165000001,1,1.299382511
1,-0.422797826,0,-2.190869409,0.109416744,1.232269073,-2.103973034,-2.175531516,1,-0.0181024755
0,-1.521813167,1,-2.127440059,1.448717651,-0.669147495,-0.823840689,1.858778068,1,0.630477549
1,0.581580201,0,-2.055304157,-0.2433971705,-2.71384778,-1.109974204,1.910494543,1,-0.0181024755
1,1.392369501,1,-0.071567707,-0.2433971705,2.240663646,0.099456978,-0.6572982165000001,1,-0.0181024755
0,-0.34601733,1,2.38717317,0.486502523,-1.378155595,-1.267207345,-0.6572982165000001,1,-0.0181024755
0,-2.387548474,1,-3.392795577,2.827881946,0.70363882,0.499035583,-0.798709146,1,-0.19654677
0,3.2856164,1,3.0335400984299996,1.031325551,0.713596989,-0.693763445,-0.6572982165000001,0,-0.0181024755
1,0.227759254,1,1.390887933,-3.215117473,3.8354662202,0.086800378,-1.689661996,0,-0.0181024755
0,1.292065272,1,-0.416761889,-1.219658092,0.890824312,0.626636284,-0.978922896,0,-0.0181024755
0,-0.71772853,1,-2.866779722,-0.2433971705,1.380462377,0.732074398,-1.818042029,1,-0.0181024755
0,-1.559689359,1,0.161724682,0.006278567,2.594538651,2.061364631,-1.465068286,1,-0.0181024755
1,1.811052973,0,1.087484232,-1.966769763,2.017776845,-1.395673048,-0.6572982165000001,1,-0.663969018
0,0.703648026,0,1.077235804,-0.808091255,1.515126928,0.040658977,-2.071500761,0,0.456675305
0,-0.382040645,1,0.352203197,-1.398215145,0.674126063,-0.402148412,-0.200128073,0,-2.2820823820799996
1,1.175869203,0,-1.62997828,-0.270860535,0.369554805,0.601919595,0.056723907,1,-0.0181024755
1,0.548322827,1,-2.274091107,-0.2433971705,-2.594028355,-0.20244915,1.487610046,1,0.630141357
0,-0.945751847,1,-0.480593532,-0.614055552,3.426421022,-0.796139602,-2.29473379,0,-1.198950506
0,-2.769115407,1,-3.69834964,-0.2433971705,0.476807815,-0.251603308,2.391001914,1,-0.0181024755
0,-2.743300227,2,0.265219474,-0.2433971705,1.09141137,0.182142859,0.704430444,1,-0.453783556
0,0.081973104,2,-0.61070822,-0.767216467,-1.521004368,-0.093688284,0.847560237,1,-0.846145484
0,0.516081135,1,-0.486371714,-1.624002309,1.911416332,0.34945533,-1.803609372,0,0.679361825
0,-1.015909263,1,0.044831419,-0.2433971705,-1.410418119,1.347723379,-0.6572982165000001,1,-0.0181024755
0,-1.207627747,1,-0.678001164,1.879502006,0.674126063,-0.768604549,1.758330535,1,-2.2820823820799996
0,-1.869906453,2,-0.678001164,-1.274281164,1.802004045,0.755987771,-1.027829176,0,-0.0181024755
1,-0.972909954,2,-2.593987411,0.917314694,-1.095447965,1.845906826,2.210809782,1,-0.0181024755
0,-1.120460913,0,-0.678001164,1.529520601,1.254562061,0.582979911,-0.985974396,0,0.83842498
1,0.432515365,1,0.074652193,-0.798084998,0.674126063,0.774179334,0.843704534,1,-0.0181024755
0,0.841022567,1,0.892354753,1.151918614,0.200280125,0.998098337,-2.915785026,0,-0.0181024755
0,1.824829087,1,-0.81195372,-0.058647809,-0.438128666,-0.525573854,0.395859796,1,-1.916955919
0,-0.615042381,1,0.235568903,-0.2433971705,2.252654715,1.693205006,-0.6572982165000001,0,-0.0181024755
0,-0.937249668,1,-0.933335838,0.533243746,-0.689133874,0.230973248,1.657753086,1,1.238564512
0,-3.625703064,2,-0.130871791,2.227907177,1.165525538,0.845336702,-0.6572982165000001,1,0.929782872
1,0.081973104,0,-0.124032053,0.902950038,-2.708726265,-0.20748467,1.845983585,1,-0.702492997
1,-1.160642216,1,-0.678001164,-0.161566422,-0.954822267,-1.882691819,-0.6572982165000001,0,-0.0181024755
1,0.788183297,1,-0.678001164,-1.190493273,-1.302590575,0.341014669,1.892307765,1,-0.515972535
0,0.081973104,0,-1.024471201,0.079093015,-1.041245036,-0.433616546,-1.165124,0,-0.0181024755
0,-2.309809633,1,-1.268924859,0.651196153,2.349486773,-1.275298899,-1.505638482,0,-0.244172724
0,-2.85025008,1,0.085447561,0.055894176,0.674126063,1.116154077,-0.6572982165000001,0,-0.076394587
0,-2.146010487,2,-0.678001164,0.537751381,1.737712214,0.78203519,-0.383710774,1,-0.0181024755
0,-2.319934982,1,-0.855901856,2.428935112,0.313312084,0.671356667,-0.6572982165000001,1,1.291636116
0,1.958532316,2,-0.678001164,-1.61648677,-3.60092978608,0.016982737,2.339178288,1,0.631366047
0,-0.72661878,1,-0.519953195,0.222617077,2.625363442,1.054237756,-1.970010109,1,-0.0181024755
0,-1.676243114,1,-1.777426459,0.56457586,0.674126063,0.278672516,-0.6572982165000001,1,-0.0181024755
1,1.939236923,1,-1.734042425,-2.012987201,0.397503138,-0.775682892,-0.6572982165000001,0,-0.0181024755
0,-2.098555014,1,-0.678001164,2.548570829,0.416599484,-2.33336867493,-0.28613688,1,-0.495018199
0,0.163653875,1,-0.678001164,-0.2433971705,-1.661480144,-2.33336867493,0.982195099,1,0.812002032
0,-1.821410549,1,-0.264323288,1.865172473,0.940205003,1.466843529,-0.091347724,1,-0.627336751
1,1.064932884,1,-1.083973396,0.066406168,0.705536192,0.279321853,-0.132980831,1,-0.391326107
0,-0.450644666,1,3.0335400984299996,-1.595934104,0.674126063,-1.620273989,-1.187632253,1,-1.141536597
1,0.081973104,1,-1.83090528,-0.2433971705,1.240204159,1.314500076,-2.032038763,1,0.60304384
1,0.773625255,0,-1.845088501,0.323966669,2.063783482,0.782434162,-2.711749303,0,-0.0181024755
0,0.081973104,1,-0.678001164,-0.2433971705,-1.083459792,0.417832507,0.447114886,1,-0.563210393
0,-1.332455829,1,-1.087733358,3.059068406,-0.906742702,-1.390539228,1.616575699,1,-1.008302149
1,0.268710978,1,-0.430575587,-0.2433971705,1.608533732,-0.556200577,-0.916975061,1,-0.0181024755
0,-0.696945031,1,-1.305507198,1.225662949,1.629112428,0.131265053,-1.44340831,0,-1.233735265
0,-1.347060626,1,-0.730610293,0.121589045,-0.034555801,-1.621769076,1.260391718,1,-0.0181024755
1,0.838562486,0,-0.678001164,-0.425032778,0.611414264,0.33088176,-0.6572982165000001,1,-0.0181024755
0,-0.805962927,1,1.979023907,-0.375116514,0.674126063,0.131697624,0.637644904,1,-0.0181024755
0,-0.208043699,2,2.123559182,-0.88565212,3.735943626,0.253794261,-3.3122425218199996,0,-0.0181024755
0,1.329451897,0,-0.265235943,-1.259812787,0.674126063,-0.878121341,-1.467472656,0,-0.99598724
0,1.683799632,2,-1.202084277,-0.2433971705,0.581554225,-0.196780881,-0.496055936,1,-1.481793654
0,-1.020688674,2,-0.381718048,0.127694486,1.63483542,0.182134132,-0.6572982165000001,0,-0.0181024755
0,1.549527181,2,-0.48323027,0.659713014,-3.491930228,0.430482087,1.670010271,1,-0.503023389
0,-1.22818389,0,-1.017729342,0.565279884,0.535132578,1.206856955,-0.853831696,1,-0.0181024755
0,2.881327442,1,-0.678001164,-2.549854572,0.674126063,1.149275409,-3.3122425218199996,0,-0.98766891
1,0.081973104,1,-0.558792477,-1.609507258,1.215383474,0.497011553,-1.481227851,0,-0.0181024755
0,1.45904331,1,-1.238740786,-1.090486711,0.394382638,-1.135211169,-0.920965624,1,0.973811351
0,-0.651581769,2,-0.491769565,-0.208168998,-1.025084239,0.920870129,-0.6572982165000001,0,-0.0181024755
0,-1.711511179,1,-0.283613201,0.145031021,1.370576203,0.826896229,-0.985417011,1,-0.0181024755
1,-0.026892017,1,-1.203455942,1.229438237,-2.132325591,-1.192844848,1.554728423,1,-0.0181024755
0,0.204139813,1,-0.647197831,-0.906771541,1.140465434,0.939762356,-0.8082711,0,-0.0181024755
0,1.907306289,2,-1.775335697,-0.933250537,0.674126063,0.005028923,-0.380097925,0,-0.141142103
0,-1.665664842,1,-0.678001164,2.551151806,-0.645539396,-0.164696554,-0.6572982165000001,1,-0.0181024755
0,-0.827762425,0,-0.838222488,-0.029450755,1.412073835,-0.810434905,-1.516565245,0,-0.0181024755
0,3.176273583,0,-1.166984073,-2.534914571,1.747511781,1.224890497,-1.53715696,1,1.711773535
0,1.764572924,1,-0.645684324,-2.29512289,0.742455138,0.397426446,-0.6572982165000001,0,-0.0181024755
0,3.198277244,1,-2.060422304,-2.090326046,0.925427331,-0.682064553,-1.574216614,0,-0.174204291
0,0.081973104,1,0.079053382,-3.3730906939,2.354931121,-0.450541866,2.13625632,1,-0.0181024755
0,1.508256397,1,-0.678001164,-0.2433971705,0.746356994,-0.610450127,-0.891868792,0,0.774007449
0,1.887929365,1,0.107580295,-0.593284223,1.136427624,0.944717183,-2.580727623,0,-0.0181024755
0,-0.28009305,2,1.847515677,-1.444991362,0.469426801,-0.129080934,0.690789418,1,0.49317675
0,-0.731723581,1,0.347923973,0.098665708,-1.100250581,0.099406169,-0.472620879,0,-0.0181024755
1,0.081973104,1,-1.068635595,-1.443811828,1.015313582,0.312727712,-1.668527822,0,0.976768702
0,1.342104952,2,-1.134915046,-0.965005178,1.486041141,-0.167244886,-0.6572982165000001,1,-1.980214881
1,-0.062010345,0,0.35414039,-0.388914806,0.674126063,-0.429062402,1.343304096,1,0.586499996
0,-0.266959439,2,-0.678001164,-1.755842035,1.71104444,1.340772039,-0.6572982165000001,1,-1.18203092
0,0.212867134,1,-1.685098701,0.356933264,0.326866155,-0.315494551,-0.346285337,1,-1.101780259
0,-0.507627537,0,-1.939008004,2.750448613,0.844291707,-0.757037072,-0.783367081,1,-1.023790766
1,-0.5383583,2,-0.949922336,0.110818468,-1.196025137,-1.610086156,-0.6572982165000001,1,-0.0181024755
0,1.396569771,1,-1.055053142,-0.251973979,-0.200477246,1.767147474,0.247703317,1,1.736176377
0,-1.901573377,1,-1.400042548,1.860387947,0.674126063,0.768068466,-0.338754399,1,-0.983413209
0,-2.9191501,1,-0.678001164,1.305646146,1.72176143,-0.829135637,-0.6572982165000001,1,-0.586211419
0,-1.974631162,1,-0.502339178,-0.2433971705,-0.277300331,-0.336789768,1.22995484,1,1.863150068
0,0.280646512,1,-0.678001164,-0.406988754,1.245486285,-0.081194296,-0.544812127,1,-0.0181024755
0,0.026020605,2,-0.131364854,-1.076638751,0.674126063,0.276008838,-0.6572982165000001,0,-0.0181024755
0,0.863532426,1,-2.124209831,-0.903695244,-0.43080474,0.280187062,-0.6572982165000001,0,-0.0181024755
0,-1.482697206,1,-1.692962515,0.506996705,2.166737038,-1.867063583,-1.820263575,0,-0.0181024755
0,2.374079011,0,0.050580415,-1.515148685,-3.600168165,-0.17288397,1.204666918,0,-1.114878276
1,0.028570134,0,-0.567800923,-1.722337967,0.884986908,0.217856053,-0.6572982165000001,0,-0.050658447
0,0.081973104,1,-2.140099373,-0.33628823,-1.354689899,0.239131392,-0.6572982165000001,1,0.549330006
1,2.422904305,1,-0.678001164,-1.670764471,0.674126063,1.333675826,-0.764728571,0,-0.0181024755
0,-0.840537043,1,0.220091393,1.582068346,-1.525863601,0.381148404,-0.6572982165000001,0,0.543061752
0,2.878318043,1,0.241077257,-0.2433971705,-1.205575308,2.11136119416,-0.6572982165000001,1,-0.0181024755
0,-0.392142823,2,-2.820476781,1.156966462,0.915785245,-0.315507843,-1.961289428,1,-0.296233773
1,0.144681148,1,-2.089583241,-0.236674663,-2.077053809,0.418655198,1.680080504,1,1.129862934
0,1.47247993,0,1.623341715,-0.542507909,1.123466512,-0.234760097,-0.6572982165000001,1,-0.0181024755
